,,텍스쳐 값(필요한 거 확인되면 그 때 하기),,,,스택,날/자루 분리,날/자루,날/자루짝,내구도 현재,내구도 최대치,무게,물리공격,화염 피해 감소,전격 피해 감소,산성 피해 감소,화염저항,전격저항,산성저항,붕괴저항,충격저항,파손저항,참격저항,타격저항,관통저항,속성,속성공격,치명률,페이블 충전,펄스전지 충전,가드 시 피해감소,페이블 아츠,아츠 소모,능력(동력),능력(기술),능력(진화),베기,찌르기,페이블 아츠 설명,Desc0
_Index,_NameKR,_TextureIndex,_TextureName,_TypeIndex,_TypeIndex_Name,_IsStack,_Module_Weapon,_IsHandle,_OtherPart_Index,_Durable_Now,_Durable_Max,_Weight,_Physics_Damege,_Fire_Damege,_Electric_Damege,_Acid_Damege,_Fire_Defence,_Electric_Defence,_Acid_Defence,_Collapse_Defence,_Crash_Defence,_Brake_Defence,_Slash_Defence,_Hit_Defence,_Pirce_Defence,_Attack_Type,_Type_Damege,_Fatal_Ratio,_Fable_Charge,_Battery_Charge,_Reduce_Damege,_Fable_Art_Name,_Art_Cost,_Ablity_Power,_Ablity_Skill,_Ablity_Evolution,_Slash_Grade,_Piece_Grade,_Fable_Desc,_Item_Desc
0,가시나무 곡도 날,82,UIT_Blade_O_MG_F_S_02,0,ITEMTYPE_SWORD,0,1,0,40,84,84,7.4,101,0,0,0,0,0,0,0,0,0,0,0,0, ,0,0,403,11.4,50.32,폭풍 베기,3, , , ,좋음,나쁨,전방의 적을 연속으로 벤다., 
1,겨울의 레이피어 날,87,UIT_Blade_Rapier,0,ITEMTYPE_SWORD,0,1,0,41,100,100,5,79,0,0,0,0,0,0,0,0,0,0,0,0, ,0,0,330,8.25,37.32,폭풍 찌르기,3, , , ,나쁨,좋음,전방의 적을 연속으로 빠르게 찌른다., 
2,군용삽 날,93,UIT_Blade_Shovel,1,ITEMTYPE_HAMMER,0,1,0,42,117,117,9.9,119,0,0,0,0,0,0,0,0,0,0,0,0, ,0,0,461,10.05,57.25,몰아치는 회전 베기,1, , , ,보통,보통,회전하며 주위 적을 벤다., 
3,기폭 곡괭이 날,68,UIT_Blade_FirePickaxe,2,ITEMTYPE_BIGHAMMER,0,1,0,43,100,100,12.9,132,0,0,0,0,0,0,0,0,0,0,0,0, ,0,0,525,13.15,57.99,일격의 불꽃,3, , , ,좋음,나쁨,전방 돌진 후 점프하여 내려 찍는다., 
4,눈먼 자의 쌍날창 날,92,UIT_Blade_ShieldSpear,0,ITEMTYPE_SWORD,0,1,0,44,84,84,7.6,97,0,0,0,0,0,0,0,0,0,0,0,0, ,0,0,391,9.75,53.97,신속 찌르기,2, , , ,나쁨,좋음,전방을 빠르게 찌른다., 
5,대형 파이프렌치 머리,71,UIT_Blade_GiantWrench,2,ITEMTYPE_BIGHAMMER,0,1,0,45,117,117,17,156,0,0,0,0,0,0,0,0,0,0,0,0, ,0,0,604,15.1,73.92,인내의 내려치기,1, , , ,좋음,나쁨,힘을 모아 강하게 내려친다., 
6,도시의 장창 날,74,UIT_Blade_GreatSpear,0,ITEMTYPE_SWORD,0,1,0,46,84,84,10.4,104,0,0,0,0,0,0,0,0,0,0,0,0, ,0,0,452,11.3,56.16,일격 찌르기,3, , , ,나쁨,좋음,힘을 모아 전방으로 크게 찌른다., 
7,명예의 창 날,94,UIT_Blade_SwordLance,3,ITEMTYPE_BIGSWORD,0,1,0,47,117,117,10.7,124,0,0,0,0,0,0,0,0,0,0,0,0, ,0,0,373,12,59.45,회심의 공격,2, , , ,보통,보통,무기를 휘둘러 공격한다., 
8,명인 요리사의 칼날,84,UIT_Blade_O_SG_S_B_01,4,ITEMTYPE_DAGGER,0,1,0,48,100,100,5.8,88,0,0,0,0,0,0,0,0,0,0,0,0, ,0,0,359,8.95,45.11,절약,1, , , ,좋음,나쁨,일시적으로 스태미나 소모가 줄어든다., 
9,무용수의 곡도 날,81,UIT_Blade_O_LG_F_S_02,3,ITEMTYPE_BIGSWORD,0,1,0,49,100,100,9.1,113,0,0,0,0,0,0,0,0,0,0,0,0, ,0,0,443,9.65,55.1,연계 후퇴 베기,2, , , ,좋음,나쁨,전방의 적을 벤 후 후방으로 빠르게 이동한다., 
10,부스터 글레이브 날,72,UIT_Blade_Glaive,3,ITEMTYPE_BIGSWORD,0,1,0,50,100,100,11.6,130,0,0,0,0,0,0,0,0,0,0,0,0, ,0,0,566,12.5,61.71,폭풍 베기,3, , , ,좋음,나쁨,전방으로 빠르게 돌진하여 연속으로 벤다., 
11,퍼펫 더 리퍼,174,UIT_Heroic_ChainScythe_01,1,ITEMTYPE_HAMMER,0,0,0,75,100,100,12.6,132,0,0,0,0,0,0,0,0,0,0,0,0, ,0,0,528,11.65,51.77,신속 올려베기,3, , , ,좋음,나쁨,전방으로 빠르게 올려벤다., 
12,뼈를 끊는 톱날,98,UIT_Blade_Tsaw,3,ITEMTYPE_BIGSWORD,0,1,0,52,84,84,15.9,152,0,0,0,0,0,0,0,0,0,0,0,0, ,0,0,568,14.2,69.79,연계 찍기,2, , , ,좋음,나쁨,전방을 강하게 내려 찍는다., 
13,산성 결정창 날,63,UIT_Blade_CrystalSpear,4,ITEMTYPE_DAGGER,0,1,0,53,100,100,6.4,49,0,0,0,0,0,0,0,0,0,0,0,0,산성,49,0,376,9.4,47.14,발산,2, , , ,나쁨,좋음,일시적으로 산성 공격력이 크게 증가한다., 
14,산성 대곡도 날,56,UIT_Blade_AcidGreatSword,0,ITEMTYPE_SWORD,0,1,0,54,100,100,12.9,139,0,0,0,0,0,0,0,0,0,0,0,0, ,0,0,408,13.15,64.75,산화 베기,3, , , ,좋음,나쁨,수직 점프하며 올려벤 후 착치하면서 내려벤다., 
15,살아있는 인형들의 도끼 날,73,UIT_Blade_GreatAxe,3,ITEMTYPE_BIGSWORD,0,1,0,55,84,84,18.8,174,0,0,0,0,0,0,0,0,0,0,0,0, ,0,0,720,15.85,77.56,회심의 공격,2, , , ,좋음,나쁨,무기를 휘둘러 공격한다., 
16,샐러맨더 단도 날,69,UIT_Blade_FlameDagger,4,ITEMTYPE_DAGGER,0,1,0,56,100,100,6.6,45,0,0,0,0,0,0,0,0,0,0,0,0,화염,45,0,363,10.25,45.55,발화,2, , , ,보통,보통,일시적으로 화염 공격력이 크게 증가한다., 
17,생사의 대검 날,57,UIT_Blade_Bbayonet,3,ITEMTYPE_BIGSWORD,0,1,0,57,100,100,10.6,111,0,0,0,0,0,0,0,0,0,0,0,0, ,0,0,478,10.4,65.37,연계 베기,1, , , ,보통,보통,전방의 적을 벤다., 
18,소방도끼 날,86,UIT_Blade_O_SS_F_A_01,1,ITEMTYPE_HAMMER,0,1,0,58,117,117,8.8,111,0,0,0,0,0,0,0,0,0,0,0,0, ,0,0,437,9.5,54.38,인내의 베기,2, , , ,좋음,나쁨,힘을 모아 넓은 범위를 공격한다., 
19,시계검 날,60,UIT_Blade_ClockSword,0,ITEMTYPE_SWORD,0,1,0,59,100,100,7.6,102,0,0,0,0,0,0,0,0,0,0,0,0, ,0,0,407,8.85,50.81,폭풍 베기,3, , , ,보통,보통,전방의 적을 연속으로 벤다., 
20,퍼펫 더 리퍼,174,UIT_Heroic_ChainScythe_01,7,ITEMTYPE_POLE,0,0,1,35,0,0,3.8,0,0,0,0,0,0,0,0,0,0,0,0,0, ,0,0,0,0,0,가드 패리,1,C,B, ,좋음,나쁨,적의 공격에 맞추어 사용하면 해당 공격을 튕겨내고 강력한 공격을 발동한다., 
21,우로보로스의 눈,175,UIT_Heroic_Charkram_01,0,ITEMTYPE_SWORD,0,0,0,65,100,100,13.2,124,0,0,0,0,0,0,0,0,0,0,0,0, ,0,0,477,11.9,52.91,방황하는 달,2, , , ,좋음,나쁨,전방으로 무기를 투척한다., 
22,얼어붙은 만찬,176,UIT_Heroic_CrystalSword_01,3,ITEMTYPE_BIGSWORD,0,0,0,63,84,84,23.9,167,0,0,0,0,0,0,0,0,0,0,0,0, ,0,0,640,16,70,해방,1, , , ,좋음,나쁨,즉시 무기를 해방시킨다., 
23,쌍룡검,178,UIT_Heroic_Hwando_01,0,ITEMTYPE_SWORD,0,0,0,60,100,100,10.3,107,0,0,0,0,0,0,0,0,0,0,0,0, ,0,0,423,10.55,47.16,연계 긴급 회피,1, , , ,보통,보통,전방으로 빠르게 회피한다., 
24,원형 전기톱 날,66,UIT_Blade_ElectricCutter,1,ITEMTYPE_HAMMER,0,1,0,66,100,100,13.3,68,0,0,0,0,0,0,0,0,0,0,0,0,전격,61,0,604,13.35,65.69,축전 베기,3, , , ,좋음,나쁨,전방의 적을 벤다., 
25,인형의 세이버 날,89,UIT_Blade_Saber,0,ITEMTYPE_SWORD,0,1,0,68,140,140,7.3,100,0,0,0,0,0,0,0,0,0,0,0,0, ,0,0,400,10,50,폭풍 베기,3, , , ,좋음,나쁨,전방의 적을 연속으로 벤다., 
26,일곱 가지의 태엽보도,91,UIT_Blade_SevenSword,3,ITEMTYPE_BIGSWORD,0,1,0,69,100,100,14.4,129,0,0,0,0,0,0,0,0,0,0,0,0, ,0,0,562,12.4,61.34,일곱 개의 폭발,3, , , ,보통,보통,전방을 강하게 내려 찍는다., 
27,저주받은 기사의 할버드 날,75,UIT_Blade_Halberd,1,ITEMTYPE_HAMMER,0,1,0,70,100,100,9.9,107,0,0,0,0,0,0,0,0,0,0,0,0, ,0,0,461,10.05,57.24,연계 베기,1, , , ,보통,보통,전방의 적을 벤다., 
28,전력 코일봉 머리,61,UIT_Blade_CoilRod,1,ITEMTYPE_HAMMER,0,1,0,71,100,100,9,56,0,0,0,0,0,0,0,0,0,0,0,0,전격,56,0,500,11.05,54.88,발전,2, , , ,좋음,나쁨,일시적으로 전격 공격력이 크게 증가한다., 
29,카커스 결정도끼 날,62,UIT_Blade_CrystalAxe,1,ITEMTYPE_HAMMER,0,1,0,72,100,100,12,63,0,0,0,0,0,0,0,0,0,0,0,0,산성,63,0,376,12.1,66.12,산성 폭발,3, , , ,좋음,나쁨,전방을 강하게 내려 찍는다., 
30,코일 묠니르 머리,67,UIT_Blade_ElectricHammer,2,ITEMTYPE_BIGHAMMER,0,1,0,73,100,100,15.9,157,0,0,0,0,0,0,0,0,0,0,0,0, ,0,0,583,16.5,71.47,일격의 낙뢰,3, , , ,좋음,나쁨,전방을 강하게 내려 찍는다., 
31,크라트 경찰봉 머리,83,UIT_Blade_O_MG_S_M_01,1,ITEMTYPE_HAMMER,0,1,0,74,100,100,7.9,94,0,0,0,0,0,0,0,0,0,0,0,0, ,0,0,323,10.4,51.88,일격 베기,2, , , ,좋음,나쁨,힘을 모아 전방으로 크게 벤다., 
32,부의 대가,179,UIT_Heroic_KkabiClub_01,2,ITEMTYPE_BIGHAMMER,0,0,0,51,84,84,19,153,0,0,0,0,0,0,0,0,0,0,0,0, ,0,0,569,16.15,69.9,에르고 방출,3, , , ,좋음,나쁨,전방을 내려 찍는다., 
33,폭군 암살자의 단도 날,85,UIT_Blade_O_SG_S_P_01,4,ITEMTYPE_DAGGER,0,1,0,76,100,100,4.9,78,0,0,0,0,0,0,0,0,0,0,0,0, ,0,30,324,8.1,36.6,연마,1, , , ,나쁨,좋음,일시적으로 치명타 확률이 증가한다., 
34,피스톨 착암기 날,88,UIT_Blade_RockDrill,4,ITEMTYPE_DAGGER,0,1,0,77,117,117,10.5,105,0,0,0,0,0,0,0,0,0,0,0,0, ,0,30,476,11.9,52.78,연마,1, , , ,나쁨,좋음,일시적으로 치명타 확률이 증가한다., 
35,흑철 절삭기 날,70,UIT_Blade_FlameSword,3,ITEMTYPE_BIGSWORD,0,1,0,79,100,100,10.4,65,0,0,0,0,0,0,0,0,0,0,0,0,화염,65,0,473,11.85,58.67,폭풍 베기,3, , , ,좋음,나쁨,전방의 적을 연속으로 벤다., 
36,가시나무 곡도 자루,156,UIT_Handle_O_MG_F_S_02,5,ITEMTYPE_SINGLEHAND,0,1,1,0,0,0,2.2,0,0,0,0,0,0,0,0,0,0,0,0,0, ,0,0,0,0,0,몰아치는 베기,1,C,C, ,좋음,나쁨,전방의 적을 연속으로 벤다. , 
37,겨울의 레이피어 자루,161,UIT_Handle_Rapier,5,ITEMTYPE_SINGLEHAND,0,1,1,1,0,0,1.3,0,0,0,0,0,0,0,0,0,0,0,0,0, ,0,0,0,0,0,가드 패리,1,D,B, ,나쁨,좋음,적의 공격에 맞추어 사용하면 해당 공격을 튕겨내고 강력한 공격을 발동한다., 
38,군용삽 자루,167,UIT_Handle_Shovel,6,ITEMTYPE_TWOHAND,0,1,1,2,0,0,4,0,0,0,0,0,0,0,0,0,0,0,0,0, ,0,0,0,0,0,변형,1,C,C, ,보통,보통,일시적으로 무기 손잡이를 긴 형태로 변형시키고 공격력이 증가한다., 
39,기폭 곡괭이 자루,142,UIT_Handle_FirePickaxe,6,ITEMTYPE_TWOHAND,0,1,1,3,0,0,5.2,0,0,0,0,0,0,0,0,0,0,0,0,0, ,0,0,0,0,0,절약,1,B,D, ,좋음,나쁨,일시적으로 스태미나 소모가 줄어든다., 
40,눈먼 자의 쌍날창 자루,166,UIT_Handle_ShieldSpear,5,ITEMTYPE_SINGLEHAND,0,1,1,4,0,0,3.8,0,0,0,0,0,0,0,0,0,0,0,0,0, ,0,0,0,0,0,보복 찌르기,2,D,B, ,나쁨,좋음,전방을 강하게 찌른다., 
41,대형 파이프렌치 자루,145,UIT_Handle_GiantWrench,6,ITEMTYPE_TWOHAND,0,1,1,5,0,0,6.8,0,0,0,0,0,0,0,0,0,0,0,0,0, ,0,0,0,0,0,보복 휘두르기,2,B,D, ,좋음,나쁨,전방을 강하게 벤다., 
42,도시의 장창 자루,147,UIT_Handle_GreaatSpear,7,ITEMTYPE_POLE,0,1,1,6,0,0,4.2,0,0,0,0,0,0,0,0,0,0,0,0,0, ,0,0,0,0,0,집중,1,D,B, ,나쁨,좋음,일시적으로 공격력이 증가한다., 
43,명예의 창 자루,168,UIT_Handle_SwordLance,6,ITEMTYPE_TWOHAND,0,1,1,7,0,0,5.4,0,0,0,0,0,0,0,0,0,0,0,0,0, ,0,0,0,0,0,돌격 휘두르기,2,D,B, ,보통,보통,전방으로 돌진한 후 적들을 공격한 후 크게 휘두른다., 
44,명인 요리사의 칼자루,158,UIT_Handle_O_SG_S_B_01,5,ITEMTYPE_SINGLEHAND,0,1,1,8,0,0,1.2,0,0,0,0,0,0,0,0,0,0,0,0,0, ,0,0,0,0,0,몰아치는 베기,1,D,B, ,좋음,나쁨,전방의 적을 연속으로 벤다., 
45,무용수의 곡도 자루,155,UIT_Handle_O_LG_F_S_02,6,ITEMTYPE_TWOHAND,0,1,1,9,0,0,2.7,0,0,0,0,0,0,0,0,0,0,0,0,0, ,0,0,0,0,0,가드 패리,1,C,B, ,좋음,나쁨,적의 공격에 맞추어 사용하면 해당 공격을 튕겨내고 강력한 공격을 발동한다., 
46,부스터 글레이브 자루,146,UIT_Handle_Glaive,7,ITEMTYPE_POLE,0,1,1,10,0,0,4.6,0,0,0,0,0,0,0,0,0,0,0,0,0, ,0,0,0,0,0,인내의 베기,2,D,B, ,좋음,나쁨,힘을 모아 강하게 베기 공격을 한다., 
47,황금의 거짓말,180,UIT_Heroic_NoseStaff_01_Large,1,ITEMTYPE_HAMMER,0,0,0,78,84,84,8.2,94,0,0,0,0,0,0,0,0,0,0,0,0, ,0,0,379,9.5,47.53,폭풍 공격,3, , , ,보통,보통,전방으로 3회의 연속 공격을 발동한다., 
48,뼈를 끊는 톱 자루,172,UIT_Handle_Tsaw,6,ITEMTYPE_TWOHAND,0,1,1,12,0,0,4.8,0,0,0,0,0,0,0,0,0,0,0,0,0, ,0,0,0,0,0,버티기,1,B,D, ,좋음,나쁨,일시적으로 적의 공격을 버틸 수 있게 된다., 
49,산성 결정창 자루,137,UIT_Handle_CrystalSpear,5,ITEMTYPE_SINGLEHAND,0,1,1,13,0,0,2.6,0,0,0,0,0,0,0,0,0,0,0,0,0, ,0,0,0,0,0,일격 찌르기,3,D,D,A,나쁨,좋음,힘을 모아 전방으로 크게 찌른다., 
50,산성 대곡도 자루,130,UIT_Handle_AcidGreatSword,7,ITEMTYPE_POLE,0,1,1,14,0,0,3.9,0,0,0,0,0,0,0,0,0,0,0,0,0, ,0,0,0,0,0,절대 방어,1,D,C,B,좋음,나쁨,일시적으로 적의 공격을 완벽하게 막아낸다., 
51,살아있는 인형들의 도끼 자루,148,UIT_Handle_GreatAxe,6,ITEMTYPE_TWOHAND,0,1,1,15,0,0,7.5,0,0,0,0,0,0,0,0,0,0,0,0,0, ,0,0,0,0,0,버티기,1,B,D, ,좋음,나쁨,일시적으로 적의 공격을 버틸 수 있게 된다., 
52,샐러맨더 단도 자루,143,UIT_Handle_FlameDagger,5,ITEMTYPE_SINGLEHAND,0,1,1,16,0,0,1.3,0,0,0,0,0,0,0,0,0,0,0,0,0, ,0,0,0,0,0,후퇴 찌르기,2,D,C,B,보통,보통,전방의 적을 찌른 후 후방으로 빠르게 이동한다., 
53,생사의 대검 자루,131,UIT_Handle_Bbayonet,6,ITEMTYPE_TWOHAND,0,1,1,17,0,0,3.2,0,0,0,0,0,0,0,0,0,0,0,0,0, ,0,0,0,0,0,절대 방어,1,B,D, ,보통,보통,일시적으로 적의 공격을 완벽하게 막아낸다., 
54,소방도끼 자루,160,UIT_Handle_O_SS_F_A_01,5,ITEMTYPE_SINGLEHAND,0,1,1,18,0,0,2.6,0,0,0,0,0,0,0,0,0,0,0,0,0, ,0,0,0,0,0,버티기,1,C,C, ,좋음,나쁨,일시적으로 적의 공격을 버틸 수 있게 된다., 
55,시계검 자루,134,UIT_Handle_ClockSword,5,ITEMTYPE_SINGLEHAND,0,1,1,19,0,0,1.9,0,0,0,0,0,0,0,0,0,0,0,0,0, ,0,0,0,0,0,도발의 경종,1,C,C, ,보통,보통,잠시동안 주변 적들을 도발하여 캐릭터와 적들의 공격력을 증가시킨다., 
56,인간성의 증거,183,UIT_Heroic_ScissorSword_01,0,ITEMTYPE_SWORD,0,0,0,67,84,84,15.8,101,0,0,0,0,0,0,0,0,0,0,0,0, ,0,30,520,11.3,64.15,연계 베기,1, , , ,좋음,나쁨,전방의 적을 벤다., 
57,아르크의 성검,185,UIT_Heroic_TransformGreatSword_01,4,ITEMTYPE_DAGGER,0,0,0,61,100,100,16.3,140,0,0,0,0,0,0,0,0,0,0,0,0, ,0,0,528,11.5,71.87,인내의 내려치기,1, , , ,보통,보통,힘을 모아 강하게 내려친다., 
58,약속의 트리아이나,186,UIT_Heroic_Trident_01,3,ITEMTYPE_BIGSWORD,0,0,0,62,117,117,11.7,115,0,0,0,0,0,0,0,0,0,0,0,0, ,0,30,450,9.8,55.89,연계 돌진 찌르기,2, , , ,보통,보통,전방을 돌진하여 찌른다., 
59,원형 전기톱 자루,140,UIT_Handle_ElectricCutter,6,ITEMTYPE_TWOHAND,0,1,1,26,0,0,5.3,0,0,0,0,0,0,0,0,0,0,0,0,0, ,0,0,0,0,0,버티기,1,D,D,A,좋음,나쁨,일시적으로 적의 공격을 버틸 수 있게 된다., 
60,인형의 세이버 자루,163,UIT_Handle_Saber,5,ITEMTYPE_SINGLEHAND,0,1,1,28,0,0,1.8,0,0,0,0,0,0,0,0,0,0,0,0,0, ,0,0,0,0,0,집중,1,C,C, ,좋음,나쁨,일시적으로 공격력이 증가한다., 
61,일곱 가지의 태엽보도,165,UIT_Handle_SevenSword,6,ITEMTYPE_TWOHAND,0,1,1,29,0,0,4.3,0,0,0,0,0,0,0,0,0,0,0,0,0, ,0,0,0,0,0,가드 패리,1,B,C, ,보통,보통,적의 공격에 맞추어 사용하면 해당 공격을 튕겨내고 강력한 공격을 발동한다., 
62,저주받은 기사의 할버드 자루,149,UIT_Handle_Halberd,7,ITEMTYPE_POLE,0,1,1,30,0,0,4,0,0,0,0,0,0,0,0,0,0,0,0,0, ,0,0,0,0,0,가드 패리,1,C,C, ,보통,보통,적의 공격에 맞추어 사용하면 해당 공격을 튕겨내고 강력한 공격을 발동한다., 
63,전력 코일봉 자루,135,UIT_Handle_CoilRod,5,ITEMTYPE_SINGLEHAND,0,1,1,31,0,0,2.7,0,0,0,0,0,0,0,0,0,0,0,0,0, ,0,0,0,0,0,돌진 내려치기,3,C,D,B,좋음,나쁨,점프하여 적을 강하게 내려친다., 
64,카커스 결정도끼 자루,136,UIT_Handle_CrystalAxe,5,ITEMTYPE_SINGLEHAND,0,1,1,32,0,0,3.6,0,0,0,0,0,0,0,0,0,0,0,0,0, ,0,0,0,0,0,절약,1,C,D,B,좋음,나쁨,일시적으로 스태미나 소모가 줄어든다., 
65,코일 묠니르 자루,141,UIT_Handle_ElectricHammer,6,ITEMTYPE_TWOHAND,0,1,1,33,0,0,4.8,0,0,0,0,0,0,0,0,0,0,0,0,0, ,0,0,0,0,0,절대 방어,1,B,D, ,좋음,나쁨,일시적으로 적의 공격을 완벽하게 막아낸다., 
66,크라트 경찰봉 자루,157,UIT_Handle_O_MG_S_M_01,5,ITEMTYPE_SINGLEHAND,0,1,1,34,0,0,2,0,0,0,0,0,0,0,0,0,0,0,0,0, ,0,0,0,0,0,일격의 기회,1,B,D, ,좋음,나쁨,일시적으로 다음 1회 공격 능력이 증가한다., 
67,에티켓,187,UIT_Heroic_UmbrellaSword_01,3,ITEMTYPE_BIGSWORD,0,0,0,64,100,100,6.3,80,0,0,0,0,0,0,0,0,0,0,0,0, ,0,0,376,8.3,37.49,일격 찌르기,3, , , ,나쁨,좋음,힘을 모아 전방으로 크게 찌른다., 
68,폭군 암살자의 단도 자루,159,UIT_Handle_O_SG_S_P_01,5,ITEMTYPE_SINGLEHAND,0,1,1,36,0,0,1,0,0,0,0,0,0,0,0,0,0,0,0,0, ,0,30,0,0,0,신속 찌르기,2,D,B, ,나쁨,좋음,전방을 빠르게 찌른다., 
69,피스톨 착암기 자루,162,UIT_Handle_RockDrill,7,ITEMTYPE_POLE,0,1,1,37,0,0,8.4,0,0,0,0,0,0,0,0,0,0,0,0,0, ,0,30,0,0,0,몰아치는 전방 찌르기,1,B,D, ,나쁨,좋음,전방의 적을 찌른다., 
70,흑철 절삭기 자루,144,UIT_Handle_FlameSword,6,ITEMTYPE_TWOHAND,0,1,1,39,0,0,3.1,0,0,0,0,0,0,0,0,0,0,0,0,0, ,0,0,0,0,0,가드 패리,1,D,D,A,좋음,나쁨,적의 공격에 맞추어 사용하면 해당 공격을 튕겨내고 강력한 공격을 발동한다., 
71,데우스 엑스 마키나,198,UIT_Item_Arm_PB_01,8,ITEMTYPE_ARM,0,0,0,0,0,0,11,0,0,0,0,0,0,0,0,0,0,0,0,0, ,0,0,0,0,0, ,0,A,C, , , , ,동체 감지형 지뢰를 설치할 수 있는 리전 암.
72,이지스,194,UIT_Item_Arm_Aegis,8,ITEMTYPE_ARM,0,0,0,0,0,0,12.4,0,0,0,0,0,0,0,0,0,0,0,0,0, ,0,0,0,0,0, ,0,B,B,D, , , ,왼팔로 적의 공격을 막을 수 있는 리전 암.
73,철의 왼팔,192,UIT_Item_Arm_1,8,ITEMTYPE_ARM,0,0,0,0,0,0,6.5,0,0,0,0,0,0,0,0,0,0,0,0,0, ,0,0,0,0,0, ,0,B,B, , , , ,금속으로 된 왼팔 파츠.
74,판데모니움,193,UIT_Item_Arm_AcidLuncher,8,ITEMTYPE_ARM,0,0,0,0,0,0,10.7,0,0,0,0,0,0,0,0,0,0,0,0,0,산성,50,0,0,0,0, ,0,D,C,A, , , ,점액질의 산성 액체를 발사하는 리전 암.
75,팔콘 아이즈,200,UIT_Item_Arm_SniperCannon,8,ITEMTYPE_ARM,0,0,0,0,0,0,10.8,0,0,0,0,0,0,0,0,0,0,0,0,0, ,0,0,0,0,0, ,0,C,A, , , , ,원거리에 철갑탄을 발사하는 리전 암.
76,퍼펫 스트링,197,UIT_Item_Arm_GG_01,8,ITEMTYPE_ARM,0,0,0,0,0,0,8.5,0,0,0,0,0,0,0,0,0,0,0,0,0, ,0,0,0,0,0, ,0,C,A,D, , , ,와이어를 방출할 수 있는 리전 암.
77,펄미니스,195,UIT_Item_Arm_FA_01,8,ITEMTYPE_ARM,0,0,0,0,0,0,7.9,0,0,0,0,0,0,0,0,0,0,0,0,0,전기,150,0,0,0,0, ,0,B,D,B, , , ,강력한 전기를 머금은 리전 암.
78,플람베르쥬,196,UIT_Item_Arm_FB_01,8,ITEMTYPE_ARM,0,0,0,0,0,0,8.2,0,0,0,0,0,0,0,0,0,0,0,0,0,화염,40,0,0,0,0, ,0,C,D,A, , , ,타오르는 화염을 품은 리전 암.
79,검술 마스터의 아뮬렛,17,UIT_Amulet_Durability,9,ITEMTYPE_AMULET,0,0,0,0,0,0,2,0,0,0,0,0,0,0,0,0,0,0,0,0, ,0,0,0,0,0, ,0, , , , , , ,무기 내구도 소모량 감소
80,검은 고양이의 아뮬렛,21,UIT_Amulet_FallDamage,9,ITEMTYPE_AMULET,0,0,0,0,0,0,1.2,0,0,0,0,0,0,0,0,0,0,0,0,0, ,0,0,0,0,0, ,0, , , , , , ,낙하 피해 경감
81,극복의 아뮬렛,18,UIT_Amulet_ElementPhysicalResis,9,ITEMTYPE_AMULET,0,0,0,0,0,0,9.7,0,0,0,0,0,0,0,0,0,0,0,0,0, ,0,0,0,0,0, ,0, , , , , , ,퍼펙트 가드 성공 시 잠시동안 무기 공격으로 입히는 피해 증가
82,극한 개조의 아뮬렛,49,UIT_Amulet_RegionGauge,9,ITEMTYPE_AMULET,0,0,0,0,0,0,9.3,0,0,0,0,0,0,0,0,0,0,0,0,0, ,0,0,0,0,0, ,0, , , , , , ,페이블 슬롯 개수에 비례하여 무기 공격력 증가
83,기교의 아뮬렛,22,UIT_Amulet_Finesse_0,9,ITEMTYPE_AMULET,0,0,0,0,0,0,1.7,0,0,0,0,0,0,0,0,0,0,0,0,0, ,0,0,0,0,0, ,0, , , , , , ,기술 4 증가
84,기교의 아뮬렛 +1,23,UIT_Amulet_Finesse_1,9,ITEMTYPE_AMULET,0,0,0,0,0,0,2.4,0,0,0,0,0,0,0,0,0,0,0,0,0, ,0,0,0,0,0, ,0, , , , , , ,기술 6 증가
85,기교의 아뮬렛 +2,24,UIT_Amulet_Finesse_2,9,ITEMTYPE_AMULET,0,0,0,0,0,0,3.4,0,0,0,0,0,0,0,0,0,0,0,0,0, ,0,0,0,0,0, ,0, , , , , , ,기술 9 증가
86,깨어나는 신의 아뮬렛,26,UIT_Amulet_GaugeLarge,9,ITEMTYPE_AMULET,0,0,0,0,0,0,8.7,0,0,0,0,0,0,0,0,0,0,0,0,0, ,0,0,0,0,0, ,0, , , , , , ,그로기 중인 적에게 입히는 페이블 아츠 피해 증가
87,꿰뚫는 증오의 아뮬렛,55,UIT_Amulet_StrongWeapon,9,ITEMTYPE_AMULET,0,0,0,0,0,0,14.5,0,0,0,0,0,0,0,0,0,0,0,0,0, ,0,0,0,0,0, ,0, , , , , , ,모든 속성 상태이상 면역
88,도약의 아뮬렛,52,UIT_Amulet_Stamina,9,ITEMTYPE_AMULET,0,0,0,0,0,0,1,0,0,0,0,0,0,0,0,0,0,0,0,0, ,0,0,0,0,0, ,0, , , , , , ,최대 스태미나 증가
89,도약의 아뮬렛 +1,53,UIT_Amulet_Stamina_L,9,ITEMTYPE_AMULET,0,0,0,0,0,0,3.6,0,0,0,0,0,0,0,0,0,0,0,0,0, ,0,0,0,0,0, ,0, , , , , , ,최대 스태미나 증가
90,베테랑의 아뮬렛,33,UIT_Amulet_Magazine,9,ITEMTYPE_AMULET,0,0,0,0,0,0,2.4,0,0,0,0,0,0,0,0,0,0,0,0,0, ,0,0,0,0,0, ,0, , , , , , ,최대 리전 증가
91,변화의 아뮬렛,11,UIT_Amulet_Advance_0,9,ITEMTYPE_AMULET,0,0,0,0,0,0,2.5,0,0,0,0,0,0,0,0,0,0,0,0,0, ,0,0,0,0,0, ,0, , , , , , ,진화 4 증가
92,변화의 아뮬렛 +1,12,UIT_Amulet_Advance_1,9,ITEMTYPE_AMULET,0,0,0,0,0,0,3.4,0,0,0,0,0,0,0,0,0,0,0,0,0, ,0,0,0,0,0, ,0, , , , , , ,진화 6 증가
93,변화의 아뮬렛 +2,13,UIT_Amulet_Advance_2,9,ITEMTYPE_AMULET,0,0,0,0,0,0,4.3,0,0,0,0,0,0,0,0,0,0,0,0,0, ,0,0,0,0,0, ,0, , , , , , ,진화 9 증가
94,불굴의 아뮬렛,50,UIT_Amulet_Resistant,9,ITEMTYPE_AMULET,0,0,0,0,0,0,2.5,0,0,0,0,0,0,0,0,0,0,0,0,0, ,0,0,0,0,0, ,0, , , , , , ,"붕괴, 충격, 파손의 저항력 증가"
95,불굴의 아뮬렛 +1,51,UIT_Amulet_Resistant_1,9,ITEMTYPE_AMULET,0,0,0,0,0,0,3.8,0,0,0,0,0,0,0,0,0,0,0,0,0, ,0,0,0,0,0, ,0, , , , , , ,"붕괴, 충격, 파손의 저항력 증가"
96,붉은 여우의 아뮬렛,41,UIT_Amulet_MotivityFinesse,9,ITEMTYPE_AMULET,0,0,0,0,0,0,2.4,0,0,0,0,0,0,0,0,0,0,0,0,0, ,0,0,0,0,0, ,0, , , , , , ,동력과 기술 3씩 증가
97,사냥꾼의 아뮬렛,19,UIT_Amulet_ErgoAmount_0,9,ITEMTYPE_AMULET,0,0,0,0,0,0,1.4,0,0,0,0,0,0,0,0,0,0,0,0,0, ,0,0,0,0,0, ,0, , , , , , ,적 처치 시 에르고 획득량 증가
98,사냥꾼의 아뮬렛 +1,20,UIT_Amulet_ErgoAmount_1,9,ITEMTYPE_AMULET,0,0,0,0,0,0,2.4,0,0,0,0,0,0,0,0,0,0,0,0,0, ,0,0,0,0,0, ,0, , , , , , ,적 처치 시 에르고 획득량 증가
99,살인 인형의 아뮬렛,37,UIT_Amulet_MonsterDamage,9,ITEMTYPE_AMULET,0,0,0,0,0,0,2,0,0,0,0,0,0,0,0,0,0,0,0,0, ,0,0,0,0,0, ,0, , , , , , ,인간에게 입히는 피해량 증가
100,삼위일체의 아뮬렛,36,UIT_Amulet_MFAStamina,9,ITEMTYPE_AMULET,0,0,0,0,0,0,7.8,0,0,0,0,0,0,0,0,0,0,0,0,0, ,0,0,0,0,0, ,0, , , , , , ,모든 리전 암의 보정 등급 1 상승
101,생명의 아뮬렛,29,UIT_Amulet_HP_S,9,ITEMTYPE_AMULET,0,0,0,0,0,0,1.3,0,0,0,0,0,0,0,0,0,0,0,0,0, ,0,0,0,0,0, ,0, , , , , , ,최대 HP 증가
102,생명의 아뮬렛 +1,28,UIT_Amulet_HP_L,9,ITEMTYPE_AMULET,0,0,0,0,0,0,2.4,0,0,0,0,0,0,0,0,0,0,0,0,0, ,0,0,0,0,0, ,0, , , , , , ,최대 HP 증가
103,신의 팔의 아뮬렛,44,UIT_Amulet_PhysicalResistant,9,ITEMTYPE_AMULET,0,0,0,0,0,0,9.3,0,0,0,0,0,0,0,0,0,0,0,0,0, ,0,0,0,0,0, ,0, , , , , , ,공격 성공 시 일시적으로 입히는 물리 피해 증가
104,암살자의 아뮬렛,15,UIT_Amulet_CriticalDamage,9,ITEMTYPE_AMULET,0,0,0,0,0,0,2.8,0,0,0,0,0,0,0,0,0,0,0,0,0, ,0,0,0,0,0, ,0, , , , , , ,치명 공격력 증가
105,운반의 아뮬렛,34,UIT_Amulet_MaxWeight,9,ITEMTYPE_AMULET,0,0,0,0,0,0,3.3,0,0,0,0,0,0,0,0,0,0,0,0,0, ,0,0,0,0,0, ,0, , , , , , ,무게 한계 증가
106,운반의 아뮬렛 +1,35,UIT_Amulet_MaxWeight_L,9,ITEMTYPE_AMULET,0,0,0,0,0,0,4.1,0,0,0,0,0,0,0,0,0,0,0,0,0, ,0,0,0,0,0, ,0, , , , , , ,무게 한계 증가
107,유령 걸음의 아뮬렛,25,UIT_Amulet_FuryStamina,9,ITEMTYPE_AMULET,0,0,0,0,0,0,14.9,0,0,0,0,0,0,0,0,0,0,0,0,0, ,0,0,0,0,0, ,0, , , , , , ,퓨리어택도 회피 가능
108,이름 없는 자의 아뮬렛,32,UIT_Amulet_HPSPSMP,9,ITEMTYPE_AMULET,0,0,0,0,0,0,8.4,0,0,0,0,0,0,0,0,0,0,0,0,0, ,0,0,0,0,0, ,0, , , , , , ,일정 확률로 펄스전지 사용 시 개수 소모 안됨
109,인내의 아뮬렛,54,UIT_Amulet_StaminaSpeed,9,ITEMTYPE_AMULET,0,0,0,0,0,0,2.7,0,0,0,0,0,0,0,0,0,0,0,0,0, ,0,0,0,0,0, ,0, , , , , , ,스태미나 회복 속도 증가
110,인형 파괴자의 아뮬렛,16,UIT_Amulet_DollDamage,9,ITEMTYPE_AMULET,0,0,0,0,0,0,2,0,0,0,0,0,0,0,0,0,0,0,0,0, ,0,0,0,0,0, ,0, , , , , , ,인형에게 입히는 피해량 증가
111,재충전의 아뮬렛,30,UIT_Amulet_HPNatural_0,9,ITEMTYPE_AMULET,0,0,0,0,0,0,2.9,0,0,0,0,0,0,0,0,0,0,0,0,0, ,0,0,0,0,0, ,0, , , , , , ,지속적으로 HP 회복
112,재충전의 아뮬렛 +1,31,UIT_Amulet_HPNatural_1,9,ITEMTYPE_AMULET,0,0,0,0,0,0,4.1,0,0,0,0,0,0,0,0,0,0,0,0,0, ,0,0,0,0,0, ,0, , , , , , ,지속적으로 HP 회복
113,철벽의 아뮬렛,42,UIT_Amulet_PhysicalDefense,9,ITEMTYPE_AMULET,0,0,0,0,0,0,3.4,0,0,0,0,0,0,0,0,0,0,0,0,0, ,0,0,0,0,0, ,0, , , , , , ,물리 피해 방어율 증가
114,철옹성의 아뮬렛,43,UIT_Amulet_PhysicalDefense_L,9,ITEMTYPE_AMULET,0,0,0,0,0,0,8.1,0,0,0,0,0,0,0,0,0,0,0,0,0, ,0,0,0,0,0, ,0, , , , , , ,가드 성공 시 무기 내구도 소모 없음
115,춤추는 자의 아뮬렛,27,UIT_Amulet_GuardWeapon,9,ITEMTYPE_AMULET,0,0,0,0,0,0,13.6,0,0,0,0,0,0,0,0,0,0,0,0,0, ,0,0,0,0,0, ,0, , , , , , ,스태미나가 부족할 때에도 회피 가능
116,카커스 도살자의 아뮬렛,14,UIT_Amulet_CarcassDamage,9,ITEMTYPE_AMULET,0,0,0,0,0,0,2,0,0,0,0,0,0,0,0,0,0,0,0,0, ,0,0,0,0,0, ,0, , , , , , ,카커스에게 입히는 피해량 증가
117,푸른 가호의 아뮬렛,46,UIT_Amulet_RecoverErgo,9,ITEMTYPE_AMULET,0,0,0,0,0,0,1.7,0,0,0,0,0,0,0,0,0,0,0,0,0, ,0,0,0,0,0, ,0, , , , , , ,"HP, 스태미나, 리전 최대치 증가"
118,푸른 가호의 아뮬렛 +1,47,UIT_Amulet_RecoverErgo_1,9,ITEMTYPE_AMULET,0,0,0,0,0,0,2.4,0,0,0,0,0,0,0,0,0,0,0,0,0, ,0,0,0,0,0, ,0, , , , , , ,"HP, 스태미나, 리전 최대치 증가"
119,푸른 가호의 아뮬렛 +2,48,UIT_Amulet_RecoverErgo_2,9,ITEMTYPE_AMULET,0,0,0,0,0,0,3.4,0,0,0,0,0,0,0,0,0,0,0,0,0, ,0,0,0,0,0, ,0, , , , , , ,"HP, 스태미나, 리전 최대치 증가"
120,힘의 아뮬렛,38,UIT_Amulet_Motivity_0,9,ITEMTYPE_AMULET,0,0,0,0,0,0,1.7,0,0,0,0,0,0,0,0,0,0,0,0,0, ,0,0,0,0,0, ,0, , , , , , ,동력 4 증가
121,힘의 아뮬렛 +1,39,UIT_Amulet_Motivity_1,9,ITEMTYPE_AMULET,0,0,0,0,0,0,2.4,0,0,0,0,0,0,0,0,0,0,0,0,0, ,0,0,0,0,0, ,0, , , , , , ,동력 6 증가
122,힘의 아뮬렛 +2,40,UIT_Amulet_Motivity_2,9,ITEMTYPE_AMULET,0,0,0,0,0,0,3.4,0,0,0,0,0,0,0,0,0,0,0,0,0, ,0,0,0,0,0, ,0, , , , , , ,동력 9 증가
123,공방연합 강화 프레임,126,UIT_Frame_B_3,10,ITEMTYPE_FRAME,0,0,0,0,0,0,13.2,20.1,0,0,0,0,0,0,0,0,0,0,0,0, ,0,0,0,0,0, ,0, , , , , , , 
124,공방연합 강화 프레임 +1,126,UIT_Frame_B_3,10,ITEMTYPE_FRAME,0,0,0,0,0,0,15.5,23.74,0,0,0,0,0,0,0,0,0,0,0,0, ,0,0,0,0,0, ,0, , , , , , , 
125,공방연합 강화 프레임 +2,126,UIT_Frame_B_3,10,ITEMTYPE_FRAME,0,0,0,0,0,0,19.3,28.3,0,0,0,0,0,0,0,0,0,0,0,0, ,0,0,0,0,0, ,0, , , , , , , 
126,공방연합 경량 프레임,125,UIT_Frame_B_2,10,ITEMTYPE_FRAME,0,0,0,0,0,0,7.6,11.61,0,0,0,0,0,0,0,0,0,0,0,0, ,0,0,0,0,0, ,0, , , , , , , 
127,공방연합 경량 프레임 +1,125,UIT_Frame_B_2,10,ITEMTYPE_FRAME,0,0,0,0,0,0,9.4,15.25,0,0,0,0,0,0,0,0,0,0,0,0, ,0,0,0,0,0, ,0, , , , , , , 
128,공방연합 경량 프레임 +2,125,UIT_Frame_B_2,10,ITEMTYPE_FRAME,0,0,0,0,0,0,13.2,19.8,0,0,0,0,0,0,0,0,0,0,0,0, ,0,0,0,0,0, ,0, , , , , , , 
129,공방연합 기본 프레임,124,UIT_Frame_B_1,10,ITEMTYPE_FRAME,0,0,0,0,0,0,5.8,7.36,0,0,0,0,0,0,0,0,0,0,0,0, ,0,0,0,0,0, ,0, , , , , , , 
130,라다 F150 프레임,121,UIT_Frame_A_1,10,ITEMTYPE_FRAME,0,0,0,0,0,0,10,15.85,0,0,0,0,0,0,0,0,0,0,0,0, ,0,0,0,0,0, ,0, , , , , , , 
131,라다 F150 프레임 +1,121,UIT_Frame_A_1,10,ITEMTYPE_FRAME,0,0,0,0,0,0,13.1,19.5,0,0,0,0,0,0,0,0,0,0,0,0, ,0,0,0,0,0, ,0, , , , , , , 
132,라다 F150 프레임 +2,121,UIT_Frame_A_1,10,ITEMTYPE_FRAME,0,0,0,0,0,0,16.1,24.05,0,0,0,0,0,0,0,0,0,0,0,0, ,0,0,0,0,0, ,0, , , , , , , 
133,라다 F250 프레임,122,UIT_Frame_A_2,10,ITEMTYPE_FRAME,0,0,0,0,0,0,19.4,28.6,0,0,0,0,0,0,0,0,0,0,0,0, ,0,0,0,0,0, ,0, , , , , , , 
134,라다 F250 프레임 +1,122,UIT_Frame_A_2,10,ITEMTYPE_FRAME,0,0,0,0,0,0,22.6,32.24,0,0,0,0,0,0,0,0,0,0,0,0, ,0,0,0,0,0, ,0, , , , , , , 
135,라다 F250 프레임 +2,122,UIT_Frame_A_2,10,ITEMTYPE_FRAME,0,0,0,0,0,0,26.3,36.79,0,0,0,0,0,0,0,0,0,0,0,0, ,0,0,0,0,0, ,0, , , , , , , 
136,라다 F350 프레임,123,UIT_Frame_A_3,10,ITEMTYPE_FRAME,0,0,0,0,0,0,26.4,37.11,0,0,0,0,0,0,0,0,0,0,0,0, ,0,0,0,0,0, ,0, , , , , , , 
137,라다 F350 프레임 +1,123,UIT_Frame_A_3,10,ITEMTYPE_FRAME,0,0,0,0,0,0,43.5,40.73,0,0,0,0,0,0,0,0,0,0,0,0, ,0,0,0,0,0, ,0, , , , , , , 
138,라다 F350 프레임 +2,123,UIT_Frame_A_3,10,ITEMTYPE_FRAME,0,0,0,0,0,0,53.6,44.87,0,0,0,0,0,0,0,0,0,0,0,0, ,0,0,0,0,0, ,0, , , , , , , 
139,아크 중량 프레임,128,UIT_Frame_C_2,10,ITEMTYPE_FRAME,0,0,0,0,0,0,16.2,24.35,0,0,0,0,0,0,0,0,0,0,0,0, ,0,0,0,0,0, ,0, , , , , , , 
140,아크 중량 프레임 +1,128,UIT_Frame_C_2,10,ITEMTYPE_FRAME,0,0,0,0,0,0,18.7,27.99,0,0,0,0,0,0,0,0,0,0,0,0, ,0,0,0,0,0, ,0, , , , , , , 
141,아크 중량 프레임 +2,128,UIT_Frame_C_2,10,ITEMTYPE_FRAME,0,0,0,0,0,0,22.7,32.54,0,0,0,0,0,0,0,0,0,0,0,0, ,0,0,0,0,0, ,0, , , , , , , 
142,아크 초중량 프레임,129,UIT_Frame_C_3,10,ITEMTYPE_FRAME,0,0,0,0,0,0,22.8,32.85,0,0,0,0,0,0,0,0,0,0,0,0, ,0,0,0,0,0, ,0, , , , , , , 
143,아크 초중량 프레임 +1,129,UIT_Frame_C_3,10,ITEMTYPE_FRAME,0,0,0,0,0,0,26.2,36.49,0,0,0,0,0,0,0,0,0,0,0,0, ,0,0,0,0,0, ,0, , , , , , , 
144,아크 초중량 프레임 +2,129,UIT_Frame_C_3,10,ITEMTYPE_FRAME,0,0,0,0,0,0,43.8,40.84,0,0,0,0,0,0,0,0,0,0,0,0, ,0,0,0,0,0, ,0, , , , , , , 
145,공방연합 구세대 컨버터,110,UIT_Convertor_0,11,ITEMTYPE_CONVERTOR,0,0,0,0,0,0,2.7,0.78,2.61,2.48,2.74,40,36,37,0,0,0,0,0,0, ,0,0,0,0,0, ,0, , , , , , , 
146,공방연합 표준 내식 컨버터,117,UIT_Convertor_C_1,11,ITEMTYPE_CONVERTOR,0,0,0,0,0,0,3.9,1.27,3.8,3.61,8.86,52,44,105,0,0,0,0,0,0, ,0,0,0,0,0, ,0, , , , , , , 
147,공방연합 표준 내식 컨버터 +1,117,UIT_Convertor_C_1,11,ITEMTYPE_CONVERTOR,0,0,0,0,0,0,4.7,1.56,4.68,4.44,10.92,142,126,289,0,0,0,0,0,0, ,0,0,0,0,0, ,0, , , , , , , 
148,공방연합 표준 내식 컨버터 +2,117,UIT_Convertor_C_1,11,ITEMTYPE_CONVERTOR,0,0,0,0,0,0,5.5,1.75,5.24,4.98,12.23,170,151,347,0,0,0,0,0,0, ,0,0,0,0,0, ,0, , , , , , , 
149,공방연합 표준 방열 컨버터,111,UIT_Convertor_A_1,11,ITEMTYPE_CONVERTOR,0,0,0,0,0,0,3.9,1.24,8.26,3.92,4.33,103,47,48,0,0,0,0,0,0, ,0,0,0,0,0, ,0, , , , , , , 
150,공방연합 표준 방열 컨버터 +1,111,UIT_Convertor_A_1,11,ITEMTYPE_CONVERTOR,0,0,0,0,0,0,4.7,1.53,10.22,4.85,5.36,284,127,137,0,0,0,0,0,0, ,0,0,0,0,0, ,0, , , , , , , 
151,공방연합 표준 방열 컨버터 +2,111,UIT_Convertor_A_1,11,ITEMTYPE_CONVERTOR,0,0,0,0,0,0,5.5,1.72,11.47,5.45,6.02,340,152,164,0,0,0,0,0,0, ,0,0,0,0,0, ,0, , , , , , , 
152,공방연합 표준 절연 컨버터,114,UIT_Convertor_B_1,11,ITEMTYPE_CONVERTOR,0,0,0,0,0,0,3.6,1.21,4.44,7.67,4.66,51,101,49,0,0,0,0,0,0, ,0,0,0,0,0, ,0, , , , , , , 
153,공방연합 표준 절연 컨버터 +1,114,UIT_Convertor_B_1,11,ITEMTYPE_CONVERTOR,0,0,0,0,0,0,4.7,1.51,5.52,9.54,5.8,126,287,129,0,0,0,0,0,0, ,0,0,0,0,0, ,0, , , , , , , 
154,공방연합 표준 절연 컨버터 +2,114,UIT_Convertor_B_1,11,ITEMTYPE_CONVERTOR,0,0,0,0,0,0,5.4,1.69,6.21,10.73,6.52,151,344,155,0,0,0,0,0,0, ,0,0,0,0,0, ,0, , , , , , , 
155,라다 대용량 내식 컨버터,119,UIT_Convertor_C_3,11,ITEMTYPE_CONVERTOR,0,0,0,0,0,0,11,3.25,9.74,9.25,22.72,135,120,275,0,0,0,0,0,0, ,0,0,0,0,0, ,0, , , , , , , 
156,라다 대용량 내식 컨버터 +1,119,UIT_Convertor_C_3,11,ITEMTYPE_CONVERTOR,0,0,0,0,0,0,17.9,3.59,10.77,10.23,25.13,162,144,330,0,0,0,0,0,0, ,0,0,0,0,0, ,0, , , , , , , 
157,라다 대용량 내식 컨버터 +2,119,UIT_Convertor_C_3,11,ITEMTYPE_CONVERTOR,0,0,0,0,0,0,22.2,3.95,11.84,11.25,27.64,194,173,396,0,0,0,0,0,0, ,0,0,0,0,0, ,0, , , , , , , 
158,라다 대용량 방열 컨버터,113,UIT_Convertor_A_3,11,ITEMTYPE_CONVERTOR,0,0,0,0,0,0,11,3.27,21.83,10.37,11.46,270,121,130,0,0,0,0,0,0, ,0,0,0,0,0, ,0, , , , , , , 
159,라다 대용량 방열 컨버터 +1,113,UIT_Convertor_A_3,11,ITEMTYPE_CONVERTOR,0,0,0,0,0,0,18.1,3.59,23.96,11.38,12.58,324,145,156,0,0,0,0,0,0, ,0,0,0,0,0, ,0, , , , , , , 
160,라다 대용량 방열 컨버터 +2,113,UIT_Convertor_A_3,11,ITEMTYPE_CONVERTOR,0,0,0,0,0,0,22.3,3.95,26.36,12.52,13.84,389,174,187,0,0,0,0,0,0, ,0,0,0,0,0, ,0, , , , , , , 
161,라다 대용량 절연 컨버터,116,UIT_Convertor_B_3,11,ITEMTYPE_CONVERTOR,0,0,0,0,0,0,11.3,3.28,12.02,20.76,12.62,120,273,123,0,0,0,0,0,0, ,0,0,0,0,0, ,0, , , , , , , 
162,라다 대용량 절연 컨버터 +1,116,UIT_Convertor_B_3,11,ITEMTYPE_CONVERTOR,0,0,0,0,0,0,18.2,3.6,13.19,22.79,13.85,144,328,148,0,0,0,0,0,0, ,0,0,0,0,0, ,0, , , , , , , 
163,라다 대용량 절연 컨버터 +2,116,UIT_Convertor_B_3,11,ITEMTYPE_CONVERTOR,0,0,0,0,0,0,22.3,3.96,14.52,25.07,15.24,173,393,177,0,0,0,0,0,0, ,0,0,0,0,0, ,0, , , , , , , 
164,벨포드 만능 내식 컨버터,118,UIT_Convertor_C_2,11,ITEMTYPE_CONVERTOR,0,0,0,0,0,0,7.1,2.23,6.69,6.35,15.6,82,70,175,0,0,0,0,0,0, ,0,0,0,0,0, ,0, , , , , , , 
165,벨포드 만능 내식 컨버터 +1,118,UIT_Convertor_C_2,11,ITEMTYPE_CONVERTOR,0,0,0,0,0,0,8.1,2.52,7.57,7.19,17.66,152,135,309,0,0,0,0,0,0, ,0,0,0,0,0, ,0, , , , , , , 
166,벨포드 만능 내식 컨버터 +2,118,UIT_Convertor_C_2,11,ITEMTYPE_CONVERTOR,0,0,0,0,0,0,9.4,2.79,8.37,7.95,19.54,182,162,371,0,0,0,0,0,0, ,0,0,0,0,0, ,0, , , , , , , 
167,벨포드 만능 방열 컨버터,112,UIT_Convertor_A_2,11,ITEMTYPE_CONVERTOR,0,0,0,0,0,0,7.1,2.26,15.04,7.14,7.9,173,77,76,0,0,0,0,0,0, ,0,0,0,0,0, ,0, , , , , , , 
168,벨포드 만능 방열 컨버터 +1,112,UIT_Convertor_A_2,11,ITEMTYPE_CONVERTOR,0,0,0,0,0,0,8.3,2.55,17,8.08,8.93,304,136,146,0,0,0,0,0,0, ,0,0,0,0,0, ,0, , , , , , , 
169,벨포드 만능 방열 컨버터 +2,112,UIT_Convertor_A_2,11,ITEMTYPE_CONVERTOR,0,0,0,0,0,0,9.4,2.82,18.79,8.92,9.86,365,163,176,0,0,0,0,0,0, ,0,0,0,0,0, ,0, , , , , , , 
170,벨포드 만능 절연 컨버터,113,UIT_Convertor_A_3,11,ITEMTYPE_CONVERTOR,0,0,0,0,0,0,7.1,2.28,8.37,14.46,8.79,75,172,73,0,0,0,0,0,0, ,0,0,0,0,0, ,0, , , , , , , 
171,벨포드 만능 절연 컨버터 +1,113,UIT_Convertor_A_3,11,ITEMTYPE_CONVERTOR,0,0,0,0,0,0,8.4,2.58,9.45,16.32,9.92,135,307,138,0,0,0,0,0,0, ,0,0,0,0,0, ,0, , , , , , , 
172,벨포드 만능 절연 컨버터 +2,113,UIT_Convertor_A_3,11,ITEMTYPE_CONVERTOR,0,0,0,0,0,0,9.4,2.84,10.43,18.02,10.95,162,369,166,0,0,0,0,0,0, ,0,0,0,0,0, ,0, , , , , , , 
173,공방연합 초기형 카트리지,100,UIT_Catridge_0,12,ITEMTYPE_CARTRIGE,0,0,0,0,0,0,2.7,0.78,0,0,0,0,0,0,38,37,38,0,0,0, ,0,0,0,0,0, ,0, , , , , , , 
174,라다 붕괴 카트리지,109,UIT_Catridge_C_3,12,ITEMTYPE_CARTRIGE,0,0,0,0,0,0,11.7,1.32,0,0,0,0,0,0,60,61,105,0,0,0, ,0,0,0,0,0, ,0, , , , , , , 
175,라다 붕괴 카트리지 +1,109,UIT_Catridge_C_3,12,ITEMTYPE_CARTRIGE,0,0,0,0,0,0,18.2,1.69,0,0,0,0,0,0,152,160,306,0,0,0, ,0,0,0,0,0, ,0, , , , , , , 
176,라다 붕괴 카트리지 +2,109,UIT_Catridge_C_3,12,ITEMTYPE_CARTRIGE,0,0,0,0,0,0,22.3,2.47,0,0,0,0,0,0,183,192,367,0,0,0, ,0,0,0,0,0, ,0, , , , , , , 
177,라다 충격 카트리지,106,UIT_Catridge_B_3,12,ITEMTYPE_CARTRIGE,0,0,0,0,0,0,11.7,2.36,0,0,0,0,0,0,85,83,180,0,0,0, ,0,0,0,0,0, ,0, , , , , , , 
178,라다 충격 카트리지 +1,106,UIT_Catridge_B_3,12,ITEMTYPE_CARTRIGE,0,0,0,0,0,0,17.9,2.66,0,0,0,0,0,0,163,171,327,0,0,0, ,0,0,0,0,0, ,0, , , , , , , 
179,라다 충격 카트리지 +2,106,UIT_Catridge_B_3,12,ITEMTYPE_CARTRIGE,0,0,0,0,0,0,22.2,2.93,0,0,0,0,0,0,196,205,393,0,0,0, ,0,0,0,0,0, ,0, , , , , , , 
180,라다 파손 카트리지,103,UIT_Catridge_A_3,12,ITEMTYPE_CARTRIGE,0,0,0,0,0,0,11.7,3.3,0,0,0,0,0,0,145,152,291,0,0,0, ,0,0,0,0,0, ,0, , , , , , , 
181,라다 파손 카트리지 +1,103,UIT_Catridge_A_3,12,ITEMTYPE_CARTRIGE,0,0,0,0,0,0,18.1,3.59,0,0,0,0,0,0,174,182,349,0,0,0, ,0,0,0,0,0, ,0, , , , , , , 
182,라다 파손 카트리지 +2,103,UIT_Catridge_A_3,12,ITEMTYPE_CARTRIGE,0,0,0,0,0,0,22.3,3.95,0,0,0,0,0,0,209,219,419,0,0,0, ,0,0,0,0,0, ,0, , , , , , , 
183,벨포드 붕괴 카트리지,107,UIT_Catridge_C_1,12,ITEMTYPE_CARTRIGE,0,0,0,0,0,0,3.9,1.29,0,0,0,0,0,0,66,108,68,0,0,0, ,0,0,0,0,0, ,0, , , , , , , 
184,벨포드 붕괴 카트리지 +1,107,UIT_Catridge_C_1,12,ITEMTYPE_CARTRIGE,0,0,0,0,0,0,5.5,1.67,0,0,0,0,0,0,163,316,154,0,0,0, ,0,0,0,0,0, ,0, , , , , , , 
185,벨포드 붕괴 카트리지 +2,107,UIT_Catridge_C_1,12,ITEMTYPE_CARTRIGE,0,0,0,0,0,0,8,2.44,0,0,0,0,0,0,195,379,185,0,0,0, ,0,0,0,0,0, ,0, , , , , , , 
186,벨포드 충격 카트리지,104,UIT_Catridge_B_1,12,ITEMTYPE_CARTRIGE,0,0,0,0,0,0,3.9,2.34,0,0,0,0,0,0,99,187,93,0,0,0, ,0,0,0,0,0, ,0, , , , , , , 
187,벨포드 충격 카트리지 +1,104,UIT_Catridge_B_1,12,ITEMTYPE_CARTRIGE,0,0,0,0,0,0,5.2,2.63,0,0,0,0,0,0,174,339,165,0,0,0, ,0,0,0,0,0, ,0, , , , , , , 
188,벨포드 충격 카트리지 +2,104,UIT_Catridge_B_1,12,ITEMTYPE_CARTRIGE,0,0,0,0,0,0,7.5,2.9,0,0,0,0,0,0,209,406,198,0,0,0, ,0,0,0,0,0, ,0, , , , , , , 
189,벨포드 파손 카트리지,101,UIT_Catridge_A_1,12,ITEMTYPE_CARTRIGE,0,0,0,0,0,0,3.9,3.29,0,0,0,0,0,0,155,301,147,0,0,0, ,0,0,0,0,0, ,0, , , , , , , 
190,벨포드 파손 카트리지 +1,101,UIT_Catridge_A_1,12,ITEMTYPE_CARTRIGE,0,0,0,0,0,0,5.4,3.59,0,0,0,0,0,0,186,361,176,0,0,0, ,0,0,0,0,0, ,0, , , , , , , 
191,벨포드 파손 카트리지 +2,101,UIT_Catridge_A_1,12,ITEMTYPE_CARTRIGE,0,0,0,0,0,0,7.8,3.95,0,0,0,0,0,0,223,433,212,0,0,0, ,0,0,0,0,0, ,0, , , , , , , 
192,아크 붕괴 카트리지,108,UIT_Catridge_C_2,12,ITEMTYPE_CARTRIGE,0,0,0,0,0,0,7.5,1.35,0,0,0,0,0,0,99,57,59,0,0,0, ,0,0,0,0,0, ,0, , , , , , , 
193,아크 붕괴 카트리지 +1,108,UIT_Catridge_C_2,12,ITEMTYPE_CARTRIGE,0,0,0,0,0,0,8.5,1.72,0,0,0,0,0,0,296,146,137,0,0,0, ,0,0,0,0,0, ,0, , , , , , , 
194,아크 붕괴 카트리지 +2,108,UIT_Catridge_C_2,12,ITEMTYPE_CARTRIGE,0,0,0,0,0,0,9.8,2.5,0,0,0,0,0,0,355,175,164,0,0,0, ,0,0,0,0,0, ,0, , , , , , , 
195,아크 충격 카트리지,105,UIT_Catridge_B_2,12,ITEMTYPE_CARTRIGE,0,0,0,0,0,0,7.4,2.39,0,0,0,0,0,0,170,81,72,0,0,0, ,0,0,0,0,0, ,0, , , , , , , 
196,아크 충격 카트리지 +1,105,UIT_Catridge_B_2,12,ITEMTYPE_CARTRIGE,0,0,0,0,0,0,8.4,2.68,0,0,0,0,0,0,317,156,146,0,0,0, ,0,0,0,0,0, ,0, , , , , , , 
197,아크 충격 카트리지 +2,105,UIT_Catridge_B_2,12,ITEMTYPE_CARTRIGE,0,0,0,0,0,0,9.5,2.95,0,0,0,0,0,0,381,188,176,0,0,0, ,0,0,0,0,0, ,0, , , , , , , 
198,아크 파손 카트리지,102,UIT_Catridge_A_2,12,ITEMTYPE_CARTRIGE,0,0,0,0,0,0,7.4,3.3,0,0,0,0,0,0,282,139,130,0,0,0, ,0,0,0,0,0, ,0, , , , , , , 
199,아크 파손 카트리지 +1,102,UIT_Catridge_A_2,12,ITEMTYPE_CARTRIGE,0,0,0,0,0,0,8.5,3.6,0,0,0,0,0,0,338,167,156,0,0,0, ,0,0,0,0,0, ,0, , , , , , , 
200,아크 파손 카트리지 +2,102,UIT_Catridge_A_2,12,ITEMTYPE_CARTRIGE,0,0,0,0,0,0,9.8,3.96,0,0,0,0,0,0,406,200,187,0,0,0, ,0,0,0,0,0, ,0, , , , , , , 
201,공방연합 강화섬유 라이너,313,UIT_Lining_A_0,13,ITEMTYPE_RINER,0,0,0,0,0,0,5.8,0,0,0,0,0,0,0,0,0,0,7.92,3.3,4.95, ,0,0,0,0,0, ,0, , , , , , , 
202,공방연합 강화섬유 라이너 +1,313,UIT_Lining_A_0,13,ITEMTYPE_RINER,0,0,0,0,0,0,6.1,0,0,0,0,0,0,0,0,0,0,8.7,3.63,5.44, ,0,0,0,0,0, ,0, , , , , , , 
203,공방연합 강화섬유 라이너 +2,313,UIT_Lining_A_0,13,ITEMTYPE_RINER,0,0,0,0,0,0,8.8,0,0,0,0,0,0,0,0,0,0,13.7,5.71,8.56, ,0,0,0,0,0, ,0, , , , , , , 
204,공방연합 공간장갑 라이너,317,UIT_Lining_B_0,13,ITEMTYPE_RINER,0,0,0,0,0,0,5.8,0,0,0,0,0,0,0,0,0,0,3.96,6.6,4.95, ,0,0,0,0,0, ,0, , , , , , , 
205,공방연합 공간장갑 라이너 +1,317,UIT_Lining_B_0,13,ITEMTYPE_RINER,0,0,0,0,0,0,6.1,0,0,0,0,0,0,0,0,0,0,4.35,7.25,5.44, ,0,0,0,0,0, ,0, , , , , , , 
206,공방연합 공간장갑 라이너+2,317,UIT_Lining_B_0,13,ITEMTYPE_RINER,0,0,0,0,0,0,8.8,0,0,0,0,0,0,0,0,0,0,6.85,11.42,8.56, ,0,0,0,0,0, ,0, , , , , , , 
207,공방연합 다층구조 라이너,321,UIT_Lining_C_0,13,ITEMTYPE_RINER,0,0,0,0,0,0,5.8,0,0,0,0,0,0,0,0,0,0,3.96,3.3,9.9, ,0,0,0,0,0, ,0, , , , , , , 
208,공방연합 다층구조 라이너 +1,321,UIT_Lining_C_0,13,ITEMTYPE_RINER,0,0,0,0,0,0,6.1,0,0,0,0,0,0,0,0,0,0,4.35,3.63,10.88, ,0,0,0,0,0, ,0, , , , , , , 
209,공방연합 다층구조 라이너 +2,321,UIT_Lining_C_0,13,ITEMTYPE_RINER,0,0,0,0,0,0,8.8,0,0,0,0,0,0,0,0,0,0,6.85,5.71,17.12, ,0,0,0,0,0, ,0, , , , , , , 
210,공방연합 인증 라이너,312,UIT_Lining_0,13,ITEMTYPE_RINER,0,0,0,0,0,0,3.5,0,0,0,0,0,0,0,0,0,0,4.12,3.44,5.16, ,0,0,0,0,0, ,0, , , , , , , 
211,라다 강화섬유 라이너,316,UIT_Lining_A_3,13,ITEMTYPE_RINER,0,0,0,0,0,0,11,0,0,0,0,0,0,0,0,0,0,19.05,7.94,11.9, ,0,0,0,0,0, ,0, , , , , , , 
212,라다 강화섬유 라이너 +1,316,UIT_Lining_A_3,13,ITEMTYPE_RINER,0,0,0,0,0,0,19,0,0,0,0,0,0,0,0,0,0,22.61,9.42,14.13, ,0,0,0,0,0, ,0, , , , , , , 
213,라다 강화섬유 라이너 +2,316,UIT_Lining_A_3,13,ITEMTYPE_RINER,0,0,0,0,0,0,23,0,0,0,0,0,0,0,0,0,0,27.48,11.45,17.18, ,0,0,0,0,0, ,0, , , , , , , 
214,라다 공간장갑 라이너,320,UIT_Lining_B_3,13,ITEMTYPE_RINER,0,0,0,0,0,0,11,0,0,0,0,0,0,0,0,0,0,9.52,15.87,11.9, ,0,0,0,0,0, ,0, , , , , , , 
215,라다 공간장갑 라이너 +1,320,UIT_Lining_B_3,13,ITEMTYPE_RINER,0,0,0,0,0,0,19,0,0,0,0,0,0,0,0,0,0,11.31,18.84,14.13, ,0,0,0,0,0, ,0, , , , , , , 
216,라다 공간장갑 라이너 +2,320,UIT_Lining_B_3,13,ITEMTYPE_RINER,0,0,0,0,0,0,23,0,0,0,0,0,0,0,0,0,0,13.74,22.9,17.18, ,0,0,0,0,0, ,0, , , , , , , 
217,라다 다층구조 라이너,324,UIT_Lining_C_3,13,ITEMTYPE_RINER,0,0,0,0,0,0,11,0,0,0,0,0,0,0,0,0,0,9.52,7.94,23.81, ,0,0,0,0,0, ,0, , , , , , , 
218,라다 다층구조 라이너 +1,324,UIT_Lining_C_3,13,ITEMTYPE_RINER,0,0,0,0,0,0,19,0,0,0,0,0,0,0,0,0,0,11.31,9.42,28.27, ,0,0,0,0,0, ,0, , , , , , , 
219,라다 다층구조 라이너 +2,324,UIT_Lining_C_3,13,ITEMTYPE_RINER,0,0,0,0,0,0,23,0,0,0,0,0,0,0,0,0,0,13.74,11.45,34.35, ,0,0,0,0,0, ,0, , , , , , , 
220,벨포드 강화섬유 라이너,314,UIT_Lining_A_1,13,ITEMTYPE_RINER,0,0,0,0,0,0,7.8,0,0,0,0,0,0,0,0,0,0,11.68,4.87,7.3, ,0,0,0,0,0, ,0, , , , , , , 
221,벨포드 강화섬유 라이너 +1,314,UIT_Lining_A_1,13,ITEMTYPE_RINER,0,0,0,0,0,0,8.8,0,0,0,0,0,0,0,0,0,0,13.28,5.53,8.3, ,0,0,0,0,0, ,0, , , , , , , 
222,벨포드 강화섬유 라이너 +2,314,UIT_Lining_A_1,13,ITEMTYPE_RINER,0,0,0,0,0,0,11,0,0,0,0,0,0,0,0,0,0,18.22,7.59,11.39, ,0,0,0,0,0, ,0, , , , , , , 
223,벨포드 공간장갑 라이너,318,UIT_Lining_B_1,13,ITEMTYPE_RINER,0,0,0,0,0,0,7.8,0,0,0,0,0,0,0,0,0,0,5.84,9.74,7.3, ,0,0,0,0,0, ,0, , , , , , , 
224,벨포드 공간장갑 라이너 +1,318,UIT_Lining_B_1,13,ITEMTYPE_RINER,0,0,0,0,0,0,8.8,0,0,0,0,0,0,0,0,0,0,6.64,11.06,8.3, ,0,0,0,0,0, ,0, , , , , , , 
225,벨포드 공간장갑 라이너 +2,318,UIT_Lining_B_1,13,ITEMTYPE_RINER,0,0,0,0,0,0,11,0,0,0,0,0,0,0,0,0,0,9.11,15.18,11.39, ,0,0,0,0,0, ,0, , , , , , , 
226,벨포드 다층구조 라이너,322,UIT_Lining_C_1,13,ITEMTYPE_RINER,0,0,0,0,0,0,7.8,0,0,0,0,0,0,0,0,0,0,5.84,4.87,14.6, ,0,0,0,0,0, ,0, , , , , , , 
227,벨포드 다층구조 라이너 +1,322,UIT_Lining_C_1,13,ITEMTYPE_RINER,0,0,0,0,0,0,8.8,0,0,0,0,0,0,0,0,0,0,6.64,5.53,16.6, ,0,0,0,0,0, ,0, , , , , , , 
228,벨포드 다층구조 라이너 +2,322,UIT_Lining_C_1,13,ITEMTYPE_RINER,0,0,0,0,0,0,11,0,0,0,0,0,0,0,0,0,0,9.11,7.59,22.77, ,0,0,0,0,0, ,0, , , , , , , 
229,아크 강화섬유 라이너,315,UIT_Lining_A_2,13,ITEMTYPE_RINER,0,0,0,0,0,0,9.8,0,0,0,0,0,0,0,0,0,0,15.25,6.35,9.53, ,0,0,0,0,0, ,0, , , , , , , 
230,아크 강화섬유 라이너 +1,315,UIT_Lining_A_2,13,ITEMTYPE_RINER,0,0,0,0,0,0,11,0,0,0,0,0,0,0,0,0,0,17.96,7.48,11.22, ,0,0,0,0,0, ,0, , , , , , , 
231,아크 강화섬유 라이너 +2,315,UIT_Lining_A_2,13,ITEMTYPE_RINER,0,0,0,0,0,0,19,0,0,0,0,0,0,0,0,0,0,22.87,9.53,14.29, ,0,0,0,0,0, ,0, , , , , , , 
232,아크 공간장갑 라이너,319,UIT_Lining_B_2,13,ITEMTYPE_RINER,0,0,0,0,0,0,9.8,0,0,0,0,0,0,0,0,0,0,7.62,12.71,9.53, ,0,0,0,0,0, ,0, , , , , , , 
233,아크 공간장갑 라이너 +1,319,UIT_Lining_B_2,13,ITEMTYPE_RINER,0,0,0,0,0,0,11,0,0,0,0,0,0,0,0,0,0,8.98,14.96,11.22, ,0,0,0,0,0, ,0, , , , , , , 
234,아크 공간장갑 라이너 +2,319,UIT_Lining_B_2,13,ITEMTYPE_RINER,0,0,0,0,0,0,19,0,0,0,0,0,0,0,0,0,0,11.43,19.06,14.29, ,0,0,0,0,0, ,0, , , , , , , 
235,아크 다층구조 라이너,323,UIT_Lining_C_2,13,ITEMTYPE_RINER,0,0,0,0,0,0,9.8,0,0,0,0,0,0,0,0,0,0,7.62,6.35,19.06, ,0,0,0,0,0, ,0, , , , , , , 
236,아크 다층구조 라이너 +1,323,UIT_Lining_C_2,13,ITEMTYPE_RINER,0,0,0,0,0,0,11,0,0,0,0,0,0,0,0,0,0,8.98,7.48,22.44, ,0,0,0,0,0, ,0, , , , , , , 
237,아크 다층구조 라이너 +2,323,UIT_Lining_C_2,13,ITEMTYPE_RINER,0,0,0,0,0,0,19,0,0,0,0,0,0,0,0,0,0,11.43,9.53,28.58, ,0,0,0,0,0, ,0, , , , , , , 
238,고양이 가루,242,UIT_Item_DustCat,14,ITEMTYPE_SPEND,1,0,0,0,0,0,0,0,0,0,0,0,0,0,0,0,0,0,0,0, ,0,0,0,0,0, ,0, , , , , , ,일시적으로 기척 감소
239,그라인더,283,UIT_Item_Sharpentool,15,ITEMTYPE_BASIC,0,0,0,0,0,0,0,0,0,0,0,0,0,0,0,0,0,0,0,0, ,0,0,0,0,0, ,0, , , , , , ,무기 내구도 수리
240,다시 태어난 챔피언의 에르고,208,UIT_Item_BossErgo_06,16,ITEMTYPE_RAER_ERGO,1,0,0,0,0,0,0,0,0,0,0,0,0,0,0,0,0,0,0,0, ,0,0,0,0,0, ,0, , , , , , ,에르고 +10000 획득
241,리전 매거진,288,UIT_Item_SlaveRecovery,14,ITEMTYPE_SPEND,1,0,0,0,0,0,0,0,0,0,0,0,0,0,0,0,0,0,0,0, ,0,0,0,0,0, ,0, , , , , , ,리전 충전
242,망가진 영웅의 에르고,204,UIT_Item_BossErgo_02,16,ITEMTYPE_RAER_ERGO,1,0,0,0,0,0,0,0,0,0,0,0,0,0,0,0,0,0,0,0, ,0,0,0,0,0, ,0, , , , , , ,에르고 +5000 획득
243,모나드의 등불,262,UIT_Item_Lamp,15,ITEMTYPE_BASIC,0,0,0,0,0,0,0,0,0,0,0,0,0,0,0,0,0,0,0,0, ,0,0,0,0,0, ,0, , , , , , ,사용 시 주변 밝기 증가
244,문페이즈 회중시계,290,UIT_Item_Teleport_2,15,ITEMTYPE_BASIC,0,0,0,0,0,0,0,0,0,0,0,0,0,0,0,0,0,0,0,0, ,0,0,0,0,0, ,0, , , , , , ,호텔 또는 최근 사용 별바라기로 전송
245,베니니의 긴급 수리 도구,244,UIT_Item_EmergencyRepairtool,14,ITEMTYPE_SPEND,1,0,0,0,0,0,0,0,0,0,0,0,0,0,0,0,0,0,0,0, ,0,0,0,0,0, ,0, , , , , , ,무기 내구도 즉시 회복
246,빛나는 에르고 결정석,229,UIT_Item_DropErgo_L3,17,ITEMTYPE_ERGO,1,0,0,0,0,0,0,0,0,0,0,0,0,0,0,0,0,0,0,0, ,0,0,0,0,0, ,0, , , , , , ,에르고 +7000 획득
247,빛나는 에르고 덩어리,231,UIT_Item_DropErgo_M1_2,17,ITEMTYPE_ERGO,1,0,0,0,0,0,0,0,0,0,0,0,0,0,0,0,0,0,0,0, ,0,0,0,0,0, ,0, , , , , , ,에르고 +1500 획득
248,빛나는 에르고 조각,236,UIT_Item_DropErgo_S3,17,ITEMTYPE_ERGO,1,0,0,0,0,0,0,0,0,0,0,0,0,0,0,0,0,0,0,0, ,0,0,0,0,0, ,0, , , , , , ,에르고 +300 획득
249,뾰족한 파이프,275,UIT_Item_PiercingSpike,18,ITEMTYPE_THROW,1,0,0,0,0,0,0,0,0,0,0,0,0,0,0,0,0,0,0,0, ,0,0,0,0,0, ,0,D,B, , , , , 
250,산성 연마재,284,UIT_Item_Sharpentool_Acid,14,ITEMTYPE_SPEND,1,0,0,0,0,0,0,0,0,0,0,0,0,0,0,0,0,0,0,0, ,0,0,0,0,0, ,0, , , , , , ,일시적으로 무기에 산성 속성 부여
251,산성 캐니스터,213,UIT_Item_Canister_Acid_01,18,ITEMTYPE_THROW,1,0,0,0,0,0,0,0,0,0,0,0,0,0,0,0,0,0,0,0, ,0,0,0,0,0, ,0,D,D,B, , , , 
252,선명한 에르고 결정석,228,UIT_Item_DropErgo_L2,17,ITEMTYPE_ERGO,1,0,0,0,0,0,0,0,0,0,0,0,0,0,0,0,0,0,0,0, ,0,0,0,0,0, ,0, , , , , , ,에르고 +5000 획득
253,선명한 에르고 덩어리,232,UIT_Item_DropErgo_M2,17,ITEMTYPE_ERGO,1,0,0,0,0,0,0,0,0,0,0,0,0,0,0,0,0,0,0,0, ,0,0,0,0,0, ,0, , , , , , ,에르고 +1000 획득
254,선명한 에르고 조각,235,UIT_Item_DropErgo_S2,17,ITEMTYPE_ERGO,1,0,0,0,0,0,0,0,0,0,0,0,0,0,0,0,0,0,0,0, ,0,0,0,0,0, ,0, , , , , , ,에르고 +100 획득
255,속성 저항 앰플,189,UIT_Item_Ample_Property-Resistance,14,ITEMTYPE_SPEND,1,0,0,0,0,0,0,0,0,0,0,0,0,0,0,0,0,0,0,0, ,0,0,0,0,0, ,0, , , , , , ,일시적으로 속성 저항력 증가
256,속성 정화 앰플,188,UIT_Item_Ample_Property_Purification,14,ITEMTYPE_SPEND,1,0,0,0,0,0,0,0,0,0,0,0,0,0,0,0,0,0,0,0, ,0,0,0,0,0, ,0, , , , , , ,속성 상태이상 제거
257,슬픈 광신도의 에르고,210,UIT_Item_BossErgo_08,16,ITEMTYPE_RAER_ERGO,1,0,0,0,0,0,0,0,0,0,0,0,0,0,0,0,0,0,0,0, ,0,0,0,0,0, ,0, , , , , , ,에르고 +10000 획득
258,신에서 추락한 자의 에르고,211,UIT_Item_BossErgo_09,16,ITEMTYPE_RAER_ERGO,1,0,0,0,0,0,0,0,0,0,0,0,0,0,0,0,0,0,0,0, ,0,0,0,0,0, ,0, , , , , , ,에르고 +15000 획득
259,영원을 사는 자의 에르고 크리스탈,241,UIT_Item_DropErgo_XL4,17,ITEMTYPE_ERGO,1,0,0,0,0,0,0,0,0,0,0,0,0,0,0,0,0,0,0,0, ,0,0,0,0,0, ,0, , , , , , ,에르고 +15000 획득
260,왕을 위한 불꽃의 에르고,205,UIT_Item_BossErgo_03,16,ITEMTYPE_RAER_ERGO,1,0,0,0,0,0,0,0,0,0,0,0,0,0,0,0,0,0,0,0, ,0,0,0,0,0, ,0, , , , , , ,에르고 +5000 획득
261,이름 없는 꼭두각시의 에르고,212,UIT_Item_BossErgo_10,16,ITEMTYPE_RAER_ERGO,1,0,0,0,0,0,0,0,0,0,0,0,0,0,0,0,0,0,0,0, ,0,0,0,0,0, ,0, , , , , , ,에르고 +20000 획득
262,인형을 먹는 녹색 사냥꾼의 에르고,209,UIT_Item_BossErgo_07,16,ITEMTYPE_RAER_ERGO,1,0,0,0,0,0,0,0,0,0,0,0,0,0,0,0,0,0,0,0, ,0,0,0,0,0, ,0, , , , , , ,에르고 +10000 획득
263,일그러진 천사의 에르고,206,UIT_Item_BossErgo_04,16,ITEMTYPE_RAER_ERGO,1,0,0,0,0,0,0,0,0,0,0,0,0,0,0,0,0,0,0,0, ,0,0,0,0,0, ,0, , , , , , ,에르고 +5000 획득
264,전격 연마재,286,UIT_Item_Sharpentool_Elec,14,ITEMTYPE_SPEND,1,0,0,0,0,0,0,0,0,0,0,0,0,0,0,0,0,0,0,0, ,0,0,0,0,0, ,0, , , , , , ,일시적으로 무기에 전격 속성 부여
265,전격 캐니스터,214,UIT_Item_Canister_Electric_01,18,ITEMTYPE_THROW,1,0,0,0,0,0,0,0,0,0,0,0,0,0,0,0,0,0,0,0, ,0,0,0,0,0, ,0,D,D,B, , , , 
266,제미니의 긴급 보호,246,UIT_Item_Ergo_Protect,14,ITEMTYPE_SPEND,1,0,0,0,0,0,0,0,0,0,0,0,0,0,0,0,0,0,0,0, ,0,0,0,0,0, ,0, , , , , , ,일시적으로 피격 시 사망 에르고 손실 보호
267,제미니의 철벽 수호,247,UIT_Item_ErgoAbsorber,14,ITEMTYPE_SPEND,1,0,0,0,0,0,0,0,0,0,0,0,0,0,0,0,0,0,0,0, ,0,0,0,0,0, ,0, , , , , , ,일시적으로 사망해도 보유 에르고를 잃지 않음
268,찬란한 에르고 결정석,238,UIT_Item_DropErgo_XL1,17,ITEMTYPE_ERGO,1,0,0,0,0,0,0,0,0,0,0,0,0,0,0,0,0,0,0,0, ,0,0,0,0,0, ,0, , , , , , ,에르고 +10000 획득
269,찬란한 에르고 덩어리,237,UIT_Item_DropErgo_S4,17,ITEMTYPE_ERGO,1,0,0,0,0,0,0,0,0,0,0,0,0,0,0,0,0,0,0,0, ,0,0,0,0,0, ,0, , , , , , ,에르고 +2000 획득
270,찬란한 에르고 조각,233,UIT_Item_DropErgo_M3,17,ITEMTYPE_ERGO,1,0,0,0,0,0,0,0,0,0,0,0,0,0,0,0,0,0,0,0, ,0,0,0,0,0, ,0, , , , , , ,에르고 +500 획득
271,체인,220,UIT_Item_Chain,18,ITEMTYPE_THROW,1,0,0,0,0,0,0,0,0,0,0,0,0,0,0,0,0,0,0,0, ,0,0,0,0,0, ,0,B,B, , , , , 
272,최후의 수단,226,UIT_Item_Death,15,ITEMTYPE_BASIC,0,0,0,0,0,0,0,0,0,0,0,0,0,0,0,0,0,0,0,0, ,0,0,0,0,0, ,0, , , , , , ,사용 즉시 캐릭터 사망
273,카커스 채액 병,249,UIT_Item_Granade_Acid_01,18,ITEMTYPE_THROW,1,0,0,0,0,0,0,0,0,0,0,0,0,0,0,0,0,0,0,0, ,0,0,0,0,0, ,0,D,D,C, , , , 
274,큐브,264,UIT_Item_LampBuff,15,ITEMTYPE_BASIC,1,0,0,0,0,0,0,0,0,0,0,0,0,0,0,0,0,0,0,0, ,0,0,0,0,0, ,0, , , , , , , 
275,클러스터 수류탄,250,UIT_Item_Granade_Cluster_01,18,ITEMTYPE_THROW,1,0,0,0,0,0,0,0,0,0,0,0,0,0,0,0,0,0,0,0, ,0,0,0,0,0, ,0,C,C, , , , , 
276,테르밋,291,UIT_Item_ThermiteFire,18,ITEMTYPE_THROW,1,0,0,0,0,0,0,0,0,0,0,0,0,0,0,0,0,0,0,0, ,0,0,0,0,0, ,0,D,D,C, , , , 
277,톱날,293,UIT_Item_Throw_Saw,18,ITEMTYPE_THROW,1,0,0,0,0,0,0,0,0,0,0,0,0,0,0,0,0,0,0,0, ,0,0,0,0,0, ,0,C,C, , , , , 
278,톱니바퀴,292,UIT_Item_Throw_Gear,18,ITEMTYPE_THROW,1,0,0,0,0,0,0,0,0,0,0,0,0,0,0,0,0,0,0,0, ,0,0,0,0,0, ,0,D,D, , , , , 
279,투척용 전지,294,UIT_Item_ThrowBattery,18,ITEMTYPE_THROW,1,0,0,0,0,0,0,0,0,0,0,0,0,0,0,0,0,0,0,0, ,0,0,0,0,0, ,0,D,D,C, , , , 
280,투포환,251,UIT_Item_Granade_ShotPut_01,18,ITEMTYPE_THROW,1,0,0,0,0,0,0,0,0,0,0,0,0,0,0,0,0,0,0,0, ,0,0,0,0,0, ,0,B,D, , , , , 
281,특수 저항 앰플,191,UIT_Item_Ample_Special-Resistance,14,ITEMTYPE_SPEND,1,0,0,0,0,0,0,0,0,0,0,0,0,0,0,0,0,0,0,0, ,0,0,0,0,0, ,0, , , , , , ,일시적으로 특수 저항력 증가
282,특수 정화 앰플,190,UIT_Item_Ample_Special_Purification,14,ITEMTYPE_SPEND,1,0,0,0,0,0,0,0,0,0,0,0,0,0,0,0,0,0,0,0, ,0,0,0,0,0, ,0, , , , , , ,특수 상태이상 제거
283,퍼레이드를 이끄는 자의 에르고,203,UIT_Item_BossErgo_01,16,ITEMTYPE_RAER_ERGO,1,0,0,0,0,0,0,0,0,0,0,0,0,0,0,0,0,0,0,0, ,0,0,0,0,0, ,0, , , , , , ,에르고 +25000 획득
284,펄스전지,276,UIT_Item_Potion_01,15,ITEMTYPE_BASIC,1,0,0,0,0,0,0,0,0,0,0,0,0,0,0,0,0,0,0,0, ,0,0,0,0,0, ,0, , , , , , ,HP 회복
285,페이블 촉매액,216,UIT_Item_Cartridge_Frenzy_L,14,ITEMTYPE_SPEND,1,0,0,0,0,0,0,0,0,0,0,0,0,0,0,0,0,0,0,0, ,0,0,0,0,0, ,0, , , , , , ,페이블 충전
286,하얗게 불탄 왕의 에르고,207,UIT_Item_BossErgo_05,16,ITEMTYPE_RAER_ERGO,1,0,0,0,0,0,0,0,0,0,0,0,0,0,0,0,0,0,0,0, ,0,0,0,0,0, ,0, , , , , , ,에르고 +5000 획득
287,화염 연마재,287,UIT_Item_Sharpentool_Fire,14,ITEMTYPE_SPEND,1,0,0,0,0,0,0,0,0,0,0,0,0,0,0,0,0,0,0,0, ,0,0,0,0,0, ,0, , , , , , ,일시적으로 무기에 화염 속성 부여
288,희미한 에르고 결정석,227,UIT_Item_DropErgo_L1,17,ITEMTYPE_ERGO,1,0,0,0,0,0,0,0,0,0,0,0,0,0,0,0,0,0,0,0, ,0,0,0,0,0, ,0, , , , , , ,에르고 +3000 획득
289,희미한 에르고 덩어리,230,UIT_Item_DropErgo_M1,17,ITEMTYPE_ERGO,1,0,0,0,0,0,0,0,0,0,0,0,0,0,0,0,0,0,0,0, ,0,0,0,0,0, ,0, , , , , , ,에르고 +700 획득
290,희미한 에르고 조각,234,UIT_Item_DropErgo_S1,17,ITEMTYPE_ERGO,1,0,0,0,0,0,0,0,0,0,0,0,0,0,0,0,0,0,0,0, ,0,0,0,0,0, ,0, , , , , , , 
291,감춰진 월석,266,UIT_Item_Moonstone_1,19,ITEMTYPE_BLADE_RAINFORCE,1,0,0,0,0,0,0,0,0,0,0,0,0,0,0,0,0,0,0,0, ,0,0,0,0,0, ,0, , , , , , ,일반 무기 날 +3 까지 강화
292,강화된 연금술 촉진제,295,UIT_Item_TreeFacilit_L,20,ITEMTYPE_SPECIAL_INGRADIANT,1,0,0,0,0,0,0,0,0,0,0,0,0,0,0,0,0,0,0,0, ,0,0,0,0,0, ,0, , , , , , ,금화 열매의 성장 속도 가속
293,견고한 크라트 보급 상자,331,UIT_TorisionCoil_BlackBox_Krat01,21,ITEMTYPE_ACTIVATE_FUNTION,1,0,0,0,0,0,0,0,0,0,0,0,0,0,0,0,0,0,0,0, ,0,0,0,0,0, ,0, , , , , , ,폴렌디나 신규 상품 추가 입고
294,고출력 화염 증폭기,261,UIT_Item_HighFrameAmplifier,22,ITEMTYPE_EXCHAINGE_INGRADIANT,1,0,0,0,0,0,0,0,0,0,0,0,0,0,0,0,0,0,0,0, ,0,0,0,0,0, ,0, , , , , , ,리전 암 핵심 부품
295,과충전 축전기,274,UIT_Item_Overcharger,22,ITEMTYPE_EXCHAINGE_INGRADIANT,1,0,0,0,0,0,0,0,0,0,0,0,0,0,0,0,0,0,0,0, ,0,0,0,0,0, ,0, , , , , , ,리전 암 핵심 부품
296,광란의 소원석,301,UIT_Item_WishStone_Berserker,23,ITEMTYPE_GRAINDER,1,0,0,0,0,0,0,0,0,0,0,0,0,0,0,0,0,0,0,0, ,0,0,0,0,0, ,0, , , , , , ,일정 시간 동안 조력자 파괴력 증가
297,균형의 크랭크,225,UIT_Item_Crank_Reset,24,ITEMTYPE_HANDLE_CONVERTOR,1,0,0,0,0,0,0,0,0,0,0,0,0,0,0,0,0,0,0,0, ,0,0,0,0,0, ,0, , , , , , ,무기 손잡이 보정 복원
298,그라인더 개조 도구,285,UIT_Item_Sharpentool_Alterationtool,21,ITEMTYPE_ACTIVATE_FUNTION,1,0,0,0,0,0,0,0,0,0,0,0,0,0,0,0,0,0,0,0, ,0,0,0,0,0, ,0, , , , , , , 
299,금화 열매,248,UIT_Item_GoldenFruit,22,ITEMTYPE_EXCHAINGE_INGRADIANT,1,0,0,0,0,0,0,0,0,0,0,0,0,0,0,0,0,0,0,0, ,0,0,0,0,0, ,0, , , , , , , 
300,기술의 크랭크,223,UIT_Item_Crank_Finesse,24,ITEMTYPE_HANDLE_CONVERTOR,1,0,0,0,0,0,0,0,0,0,0,0,0,0,0,0,0,0,0,0, ,0,0,0,0,0, ,0, , , , , , ,손잡이 기술 보정 상승
301,내구의 연마석,255,UIT_Item_GrindStone_Durability,23,ITEMTYPE_GRAINDER,1,0,0,0,0,0,0,0,0,0,0,0,0,0,0,0,0,0,0,0, ,0,0,0,0,0, ,0, , , , , , ,일시적으로 내구도를 소모시키지 않음
302,놀라운 베니니 컬렉션,328,UIT_TorisionCoil_BlackBox_Benigni01,21,ITEMTYPE_ACTIVATE_FUNTION,1,0,0,0,0,0,0,0,0,0,0,0,0,0,0,0,0,0,0,0, ,0,0,0,0,0, ,0, , , , , , ,풀치넬라 신규 상품 입고
303,도발의 소원석,310,UIT_Item_WishStone_Provoke,23,ITEMTYPE_GRAINDER,1,0,0,0,0,0,0,0,0,0,0,0,0,0,0,0,0,0,0,0, ,0,0,0,0,0, ,0, , , , , , ,일정 시간 동안 조력자가 적의 주의를 끈다 받는 피해 감소
304,동력의 크랭크,224,UIT_Item_Crank_Motivity,24,ITEMTYPE_HANDLE_CONVERTOR,1,0,0,0,0,0,0,0,0,0,0,0,0,0,0,0,0,0,0,0, ,0,0,0,0,0, ,0, , , , , , ,손잡이 동력 보정 상승
305,리전 칼리버,281,UIT_Item_RegionCall,25,ITEMTYPE_LEVELUP_INGRADIENT,1,0,0,0,0,0,0,0,0,0,0,0,0,0,0,0,0,0,0,0, ,0,0,0,0,0, ,0, , , , , , ,리전 암 개조 부품
306,리전 플러그,282,UIT_Item_RegionPlug,22,ITEMTYPE_EXCHAINGE_INGRADIANT,1,0,0,0,0,0,0,0,0,0,0,0,0,0,0,0,0,0,0,0, ,0,0,0,0,0, ,0, , , , , , ,리전 암 핵심 부품
307,맹독의 소원석,299,UIT_Item_WishStone_Acid,23,ITEMTYPE_GRAINDER,1,0,0,0,0,0,0,0,0,0,0,0,0,0,0,0,0,0,0,0, ,0,0,0,0,0, ,0, , , , , , ,일정 시간 동안 조력자의 산성 공격력 발생 받는 피해 감소
308,반달 원석,268,UIT_Item_Moonstone_3,19,ITEMTYPE_BLADE_RAINFORCE,1,0,0,0,0,0,0,0,0,0,0,0,0,0,0,0,0,0,0,0, ,0,0,0,0,0, ,0, , , , , , ,일반 무기 날 +9 까지 강화
309,번개의 소원석,303,UIT_Item_WishStone_Electric,23,ITEMTYPE_GRAINDER,1,0,0,0,0,0,0,0,0,0,0,0,0,0,0,0,0,0,0,0, ,0,0,0,0,0, ,0, , , , , , ,일정 시간 동안 조력자의 전격 공격력 발생 받는 피해 감소
310,별의 조각,260,UIT_Item_Helper,20,ITEMTYPE_SPECIAL_INGRADIANT,1,0,0,0,0,0,0,0,0,0,0,0,0,0,0,0,0,0,0,0, ,0,0,0,0,0, ,0, , , , , , , 
311,보름달 월석,269,UIT_Item_Moonstone_4,19,ITEMTYPE_BLADE_RAINFORCE,1,0,0,0,0,0,0,0,0,0,0,0,0,0,0,0,0,0,0,0, ,0,0,0,0,0, ,0, , , , , , ,일반 무기 날 +10 강화
312,불굴의 소원석,307,UIT_Item_WishStone_guts,23,ITEMTYPE_GRAINDER,1,0,0,0,0,0,0,0,0,0,0,0,0,0,0,0,0,0,0,0, ,0,0,0,0,0, ,0, , , , , , ,일정 시간 동안 조력자가 한 번 사망하지 않고 HP 회복
313,불굴의 연마석,258,UIT_Item_GrindStone_Guard,23,ITEMTYPE_GRAINDER,1,0,0,0,0,0,0,0,0,0,0,0,0,0,0,0,0,0,0,0, ,0,0,0,0,0, ,0, , , , , , ,일시적으로 가드 성능 강화
314,불꽃의 소원석,305,UIT_Item_WishStone_Fire,23,ITEMTYPE_GRAINDER,1,0,0,0,0,0,0,0,0,0,0,0,0,0,0,0,0,0,0,0, ,0,0,0,0,0, ,0, , , , , , ,일정 시간 동안 조력자의 화염 공격력 발생 받는 피해 감소
315,산성의 연마석,252,UIT_Item_GrindStone_Acid,23,ITEMTYPE_GRAINDER,1,0,0,0,0,0,0,0,0,0,0,0,0,0,0,0,0,0,0,0, ,0,0,0,0,0, ,0, , , , , , ,일시적으로 무기에 산성 속성 부여
316,수호의 소원석,309,UIT_Item_WishStone_Protect,23,ITEMTYPE_GRAINDER,1,0,0,0,0,0,0,0,0,0,0,0,0,0,0,0,0,0,0,0, ,0,0,0,0,0, ,0, , , , , , ,일정 시간 동안 조력자가 받는 피해 감소 모든 상태이상 저항력 증가
317,안정된 연금술 촉진제,296,UIT_Item_TreeFacilit_M,20,ITEMTYPE_SPECIAL_INGRADIANT,1,0,0,0,0,0,0,0,0,0,0,0,0,0,0,0,0,0,0,0, ,0,0,0,0,0, ,0, , , , , , ,금화 열매의 성장 속도 가속
318,약속의 그믐달 월석,270,UIT_Item_Moonstone_H1,19,ITEMTYPE_BLADE_RAINFORCE,1,0,0,0,0,0,0,0,0,0,0,0,0,0,0,0,0,0,0,0, ,0,0,0,0,0, ,0, , , , , , ,특수 무기 날 +3 까지 강화
319,약속의 보름달 월석,271,UIT_Item_Moonstone_H2,19,ITEMTYPE_BLADE_RAINFORCE,1,0,0,0,0,0,0,0,0,0,0,0,0,0,0,0,0,0,0,0, ,0,0,0,0,0, ,0, , , , , , ,특수 무기 날 +5 까지 강화
320,에니그마 조립 도구,243,UIT_Item_EgnimaAssemblyTool,21,ITEMTYPE_ACTIVATE_FUNTION,1,0,0,0,0,0,0,0,0,0,0,0,0,0,0,0,0,0,0,0, ,0,0,0,0,0, ,0, , , , , , , 
321,연금술 촉진제,297,UIT_Item_TreeFacilit_S,20,ITEMTYPE_SPECIAL_INGRADIANT,1,0,0,0,0,0,0,0,0,0,0,0,0,0,0,0,0,0,0,0, ,0,0,0,0,0, ,0, , , , , , ,금화 열매의 성장 속도 가속
322,완벽의 연마석,259,UIT_Item_GrindStone_Perfect,23,ITEMTYPE_GRAINDER,1,0,0,0,0,0,0,0,0,0,0,0,0,0,0,0,0,0,0,0, ,0,0,0,0,0, ,0, , , , , , ,일시적으로 가드 시 퍼펙트 가드 발동
323,용기의 소원석,302,UIT_Item_WishStone_Brave,23,ITEMTYPE_GRAINDER,1,0,0,0,0,0,0,0,0,0,0,0,0,0,0,0,0,0,0,0, ,0,0,0,0,0, ,0, , , , , , ,일정 시간 동안 공격 시 페이블 충전량 증가
324,우정의 소원석,306,UIT_Item_WishStone_Friend,23,ITEMTYPE_GRAINDER,1,0,0,0,0,0,0,0,0,0,0,0,0,0,0,0,0,0,0,0, ,0,0,0,0,0, ,0, , , , , , ,일시적으로 조력자 HP 회복
325,위대한 베니니 컬렉션,330,UIT_TorisionCoil_BlackBox_Benigni03,21,ITEMTYPE_ACTIVATE_FUNTION,1,0,0,0,0,0,0,0,0,0,0,0,0,0,0,0,0,0,0,0, ,0,0,0,0,0, ,0, , , , , , ,풀치넬라 한정 판매 상품 입고
326,인내의 소원석,311,UIT_Item_WishStone_Stamina,23,ITEMTYPE_GRAINDER,1,0,0,0,0,0,0,0,0,0,0,0,0,0,0,0,0,0,0,0, ,0,0,0,0,0, ,0, , , , , , ,일정 시간 동안 스태미나 최대치 증가
327,전격의 연마석,256,UIT_Item_GrindStone_Electric,23,ITEMTYPE_GRAINDER,1,0,0,0,0,0,0,0,0,0,0,0,0,0,0,0,0,0,0,0, ,0,0,0,0,0, ,0, , , , , , ,일시적으로 무기에 전격 속성 부여
328,진화의 소원석,300,UIT_Item_WishStone_Advance,23,ITEMTYPE_GRAINDER,1,0,0,0,0,0,0,0,0,0,0,0,0,0,0,0,0,0,0,0, ,0,0,0,0,0, ,0, , , , , , ,지속 시간 동안 리전 회복
329,진화의 크랭크,222,UIT_Item_Crank_Advance,24,ITEMTYPE_HANDLE_CONVERTOR,1,0,0,0,0,0,0,0,0,0,0,0,0,0,0,0,0,0,0,0, ,0,0,0,0,0, ,0, , , , , , ,손잡이 진화 보정 상승
330,초승달 월석,267,UIT_Item_Moonstone_2,19,ITEMTYPE_BLADE_RAINFORCE,1,0,0,0,0,0,0,0,0,0,0,0,0,0,0,0,0,0,0,0, ,0,0,0,0,0, ,0, , , , , , ,일반 무기 날 +6 까지 강화
331,코어,221,UIT_Item_Core,21,ITEMTYPE_ACTIVATE_FUNTION,1,0,0,0,0,0,0,0,0,0,0,0,0,0,0,0,0,0,0,0, ,0,0,0,0,0, ,0, , , , , , ,P기관 핵심 부품
332,쿼츠,280,UIT_Item_Quartz,25,ITEMTYPE_LEVELUP_INGRADIENT,1,0,0,0,0,0,0,0,0,0,0,0,0,0,0,0,0,0,0,0, ,0,0,0,0,0, ,0, , , , , , ,P기관 능력 활성화 부품
333,크라트 보급 상자,331,UIT_TorisionCoil_BlackBox_Krat01,21,ITEMTYPE_ACTIVATE_FUNTION,1,0,0,0,0,0,0,0,0,0,0,0,0,0,0,0,0,0,0,0, ,0,0,0,0,0, ,0, , , , , , ,폴렌디나 신규 상품 입고
334,특제 크라트 보급 상자,333,UIT_TorisionCoil_BlackBox_Krat03,21,ITEMTYPE_ACTIVATE_FUNTION,1,0,0,0,0,0,0,0,0,0,0,0,0,0,0,0,0,0,0,0, ,0,0,0,0,0, ,0, , , , , , ,폴렌디나 한정 판매 상품 입고
335,파괴의 연마석,254,UIT_Item_GrindStone_Destroy,23,ITEMTYPE_GRAINDER,1,0,0,0,0,0,0,0,0,0,0,0,0,0,0,0,0,0,0,0, ,0,0,0,0,0, ,0, , , , , , ,일시적으로 무기의 그로기 공격력 증가
336,폭발의 소원석,304,UIT_Item_WishStone_Explosion,23,ITEMTYPE_GRAINDER,1,0,0,0,0,0,0,0,0,0,0,0,0,0,0,0,0,0,0,0, ,0,0,0,0,0, ,0, , , , , , ,조력자 피격 시 폭발
337,화려한 베니니 컬렉션,330,UIT_TorisionCoil_BlackBox_Benigni03,21,ITEMTYPE_ACTIVATE_FUNTION,1,0,0,0,0,0,0,0,0,0,0,0,0,0,0,0,0,0,0,0, ,0,0,0,0,0, ,0, , , , , , ,풀치넬라 신규 상품 추가 입고
338,화염의 연마석,257,UIT_Item_GrindStone_Fire,23,ITEMTYPE_GRAINDER,1,0,0,0,0,0,0,0,0,0,0,0,0,0,0,0,0,0,0,0, ,0,0,0,0,0, ,0, , , , , , ,일시적으로 무기에 화염 속성 부여
339,회복의 소원석,308,UIT_Item_WishStone_Heal,23,ITEMTYPE_GRAINDER,1,0,0,0,0,0,0,0,0,0,0,0,0,0,0,0,0,0,0,0, ,0,0,0,0,0, ,0, , , , , , ,지속 시간 동안 HP 회복
340,회심의 연마석,253,UIT_Item_GrindStone_Critical,23,ITEMTYPE_GRAINDER,1,0,0,0,0,0,0,0,0,0,0,0,0,0,0,0,0,0,0,0, ,0,0,0,0,0, ,0, , , , , , ,일시적으로 무기의 치명률 증가
